,word,freq
0,patients,308
1,acute,264
2,respiratory,243
3,ards,233
4,syndrome,216
5,distress,188
6,lung,171
7,⫾,165
8,injury,147
9,j,136
10,med,128
11,study,116
12,care,109
13,pulmonary,95
14,pp,93
15,alveolar,84
16,clinical,83
17,respir,81
18,n,80
19,malaria,71
20,crit,70
21,ventilation,68
22,p,68
23,risk,67
24,may,66
25,death,66
26,chest,65
27,obese,65
28,mortality,63
29,severe,62
30,cases,58
31,pressure,57
32,adult,55
33,patient,53
34,sepsis,51
35,failure,49
36,medical,48
37,case,48
38,use,48
39,phase,47
40,edema,45
41,factor,43
42,epithelial,43
43,increased,42
44,treatment,42
45,data,41
46,table,41
47,vivax,40
48,nonobese,39
49,l,39
50,h,38
51,cause,38
52,e,38
53,smoking,38
54,prone,37
55,hg,37
56,vs,37
57,also,37
58,time,36
59,type,36
60,tidal,35
61,new,35
62,results,34
63,early,34
64,used,34
65,factors,34
66,fluid,34
67,mm,33
68,support,33
69,fatality,33
70,onset,33
71,ratio,32
72,dis,32
73,r,32
74,trial,32
75,incidence,32
76,cells,32
77,mechanical,31
78,one,31
79,without,31
80,ii,31
81,group,31
82,due,30
83,rate,30
84,cigarette,30
85,position,29
86,university,29
87,per,29
88,rev,29
89,health,29
90,matthay,29
91,effect,28
92,number,28
93,hospital,28
94,however,28
95,alcohol,28
96,current,27
97,g,27
98,oxygen,27
99,organ,27
100,days,26
101,two,26
102,trauma,26
103,survival,26
104,c,26
105,medicine,26
106,deaths,26
107,outcome,25
108,b,25
109,reported,25
110,positive,25
111,associated,25
112,randomized,25
113,function,25
114,life,25
115,downloaded,24
116,studies,24
117,criteria,24
118,age,24
119,causes,24
120,withdrawal,24
121,could,23
122,years,23
123,pneumonia,23
124,first,23
125,smokers,23
126,definitions,23
127,⫽,23
128,oxygenation,22
129,never,22
130,variables,22
131,analysis,22
132,evidence,22
133,compared,22
134,since,22
135,december,21
136,permission,21
137,effects,21
138,four,21
139,test,21
140,f,21
141,definition,21
142,high,21
143,cell,21
144,p.,21
145,research,20
146,md,20
147,pao2/fio2,20
148,complications,20
149,among,20
150,low,20
151,clin,20
152,surfactant,20
153,volumes,20
154,falciparum,20
155,de,19
156,bmi,19
157,icu,19
158,groups,19
159,shown,19
160,fig,19
161,volume,19
162,improved,19
163,society,19
164,journal,19
165,trend,19
166,©,18
167,diagnosis,18
168,figure,18
169,important,18
170,present,18
171,nitric,18
172,oxide,18
173,including,18
174,cohorts,18
175,manuscript,17
176,intensive,17
177,“,17
178,”,17
179,decreased,17
180,end-expiratory,17
181,three,17
182,…,17
183,cigarettes/d,17
184,systemic,17
185,personal,17
186,thus,17
187,resolution,17
188,massachusetts,17
189,rights,17
190,reserved,17
191,critical,16
192,median,16
193,lower,16
194,percent,16
195,overall,16
196,review,16
197,found,16
198,inflammatory,16
199,level,16
200,ic,16
201,ne,16
202,·,16
203,england,16
204,nejm.org,16
205,libraries,16
206,2019.,16
207,uses,16
208,copyright,16
209,arterial,15
210,several,15
211,severity,15
212,score,15
213,blood,15
214,cm,15
215,presented,15
216,using,15
217,less,15
218,k,15
219,ill,15
220,inhaled,15
221,engl,15
222,consensus,15
223,mechanisms,15
224,jama,15
225,consumption,15
226,presence,15
227,specific,15
228,membrane,15
229,common,15
230,benefit,15
231,⬎,15
232,⬍,15
233,secondary,14
234,least,14
235,cohort,14
236,course,14
237,obtained,14
238,considered,14
239,increase,14
240,jm,14
241,critically,14
242,trials,14
243,prospective,14
244,association,14
245,disease,14
246,died,14
247,montgomery,14
248,institution,14
249,end,13
250,performed,13
251,infection,13
252,management,13
253,1.,13
254,airway,13
255,characteristics,13
256,shows,13
257,therapy,13
258,controlled,13
259,positioning,13
260,defined,13
261,chronic,13
262,former,13
263,inspired,13
264,findings,13
265,hudson,13
266,ld,13
267,u,13
268,strategies,13
269,consistent,13
270,neutrophils,13
271,epithelium,13
272,normal,13
273,shock,13
274,physiol,13
275,reduce,12
276,methods,12
277,kg/m2,12
278,significantly,12
279,signiﬁcantly,12
280,decrease,12
281,system,12
282,although,12
283,following,12
284,admission,12
285,left,12
286,day,12
287,statistical,12
288,population,12
289,based,12
290,development,12
291,w,12
292,hypoxemia,12
293,air,12
294,identified,12
295,occurred,12
296,reduced,12
297,partial,12
298,fibrosis,12
299,nih,12
300,network,12
301,possibility,12
302,cytokines,12
303,small,12
304,growth,12
305,similar,11
306,montpellier,11
307,’,11
308,large,11
309,bilateral,11
310,value,11
311,difference,11
312,observed,11
313,related,11
314,loss,11
315,higher,11
316,treated,11
317,improvement,11
318,contributed,11
319,changes,11
320,conference,11
321,men,11
322,epidemiology,11
323,many,11
324,past,11
325,codes,11
326,negative,11
327,leading,11
328,recent,11
329,neutrophil,11
330,identify,11
331,disorder,11
332,panel,11
333,proinflammatory,11
334,water,11
335,protein,11
336,timing,11
337,changed,11
338,dr,10
339,selected,10
340,likely,10
341,gas,10
342,weight,10
343,respectively,10
344,institute,10
345,body,10
346,3.,10
347,total,10
348,report,10
349,increasing,10
350,response,10
351,d.,10
352,multicenter,10
353,women,10
354,endothelial,10
355,–,10
356,national,10
357,classified,10
358,catheterization,10
359,rates,10
360,inflammation,10
361,dysfunction,10
362,capillary,10
363,multiple,10
364,illness,10
365,mof,10
366,involvement,10
367,plasmodium,10
368,duration,9
369,received,9
370,http,9
371,david,9
372,center,9
373,radiographic,9
374,previous,9
375,observational,9
376,approved,9
377,side,9
378,indicated,9
379,change,9
380,main,9
381,cardiac,9
382,bernard,9
383,rj,9
384,california,9
385,icd-9,9
386,caused,9
387,kaiser,9
388,history,9
389,year,9
390,possible,9
391,persons,9
392,approach,9
393,levels,9
394,investigations,9
395,diffuse,9
396,finding,9
397,white,9
398,unknown,9
399,developed,9
400,cj,9
401,rapid,9
402,role,9
403,areas,9
404,fraction,9
405,es,9
406,vol,9
407,permeability,9
408,injured,9
409,transport,9
410,antiinflammatory,9
411,septic,9
412,clearance,9
413,glucocorticoids,9
414,steinberg,9
415,late,9
416,1981–1982,9
417,irreversible,9
418,complication,8
419,improve,8
420,surgical,8
421,mr,8
422,american,8
423,//journal.publications.chestnet.org/,8
424,kinnison,8
425,06/05/2013,8
426,procedures,8
427,fio2,8
428,damage,8
429,responders,8
430,2.,8
431,participants,8
432,outcomes,8
433,mancebo,8
434,gattinoni,8
435,second,8
436,whose,8
437,l.,8
438,ann,8
439,infiltrates,8
440,permanente,8
441,san,8
442,francisco,8
443,include,8
444,available,8
445,ages,8
446,discharge,8
447,518.5,8
448,charts,8
449,addition,8
450,gender,8
451,receiving,8
452,older,8
453,probably,8
454,jp,8
455,pe,8
456,rl,8
457,intern,8
458,nd,8
459,jo,8
460,pathogenesis,8
461,described,8
462,seven,8
463,progr,8
464,direct,8
465,manifestations,8
466,space,8
467,opacities,8
468,ume,8
469,numb,8
470,therapies,8
471,barrier,8
472,importance,8
473,alveolus,8
474,macrophage,8
475,sodium,8
476,jf,8
477,ja,8
478,kp,8
479,percentage,8
480,apache,8
481,insupportable,8
482,presenting,8
483,anti-malarial,8
484,original,7
485,ⱕ,7
486,length,7
487,nosocomial,7
488,infections,7
489,january,7
490,august,7
491,revision,7
492,supported,7
493,college,7
494,applied,7
495,period,7
496,exchange,7
497,venous,7
498,identical,7
499,design,7
500,evaluation,7
501,physician,7
502,male,7
503,.04,7
504,.01,7
505,mean,7
506,sd,7
507,unless,7
508,process,7
509,sas,7
510,baseline,7
511,ml,7
512,strategy,7
513,explain,7
514,4.,7
515,comparison,7
516,read,7
517,ﬁnal,7
518,potential,7
519,area,7
520,ventilatory,7
521,ca,7
522,predictors,7
523,causing,7
524,result,7
525,hospitalizations,7
526,518.82,7
527,within,7
528,predictive,7
529,directly,7
530,human,7
531,adults,7
532,cytokine,7
533,sj,7
534,jd,7
535,features,7
536,hyaline,7
537,abnormalities,7
538,panels,7
539,traditional,7
540,removal,7
541,keratinocyte,7
542,frequently,7
543,extracorporeal,7
544,renal,7
545,milberg,7
546,suchyta,7
547,jr,7
548,invest,7
549,suppl,7
550,additionally,7
551,trop,7
552,albert,6
553,jaber,6
554,improves,6
555,known,6
556,ⱖ,6
557,across,6
558,capacity,6
559,routine,6
560,department,6
561,compliance,6
562,physicians,6
563,see,6
564,ie,6
565,software,6
566,control,6
567,absence,6
568,hypertension,6
569,usually,6
570,supine,6
571,step,6
572,pancreatitis,6
573,otherwise,6
574,ventilator,6
575,collection,6
576,signiﬁcant,6
577,met,6
578,included,6
579,catheter,6
580,well,6
581,peep,6
582,alveoli,6
583,different,6
584,mechanics,6
585,gr,6
586,relevant,6
587,setting,6
588,r.,6
589,presentation,6
590,northern,6
591,plan,6
592,diseases,6
593,progressive,6
594,division,6
595,institutes,6
596,aspiration,6
597,whether,6
598,multiphasic,6
599,insufficiency,6
600,initial,6
601,reviewed,6
602,assisted,6
603,smoker,6
604,cardiopulmonary,6
605,persons/yr,6
606,drinks/d,6
607,events,6
608,would,6
609,furthermore,6
610,develop,6
611,significant,6
612,rb,6
613,wiener-kronish,6
614,dh,6
615,recruitment,6
616,serum,6
617,morris,6
618,ah,6
619,iii,6
620,a.,6
621,membranes,6
622,computed,6
623,fibrosing-alveolitis,6
624,tissue,6
625,formation,6
626,basement,6
627,decline,6
628,quality,6
629,production,6
630,proliferation,6
631,soluble,6
632,led,6
633,kilogram,6
634,perhaps,6
635,die,6
636,initiation,6
637,apoptosis,6
638,rats,6
639,either,6
640,high-dose,6
641,luce,6
642,cg,6
643,infect,6
644,appl,6
645,reduction,6
646,remains,6
647,occurring,6
648,al4,6
649,bjid,6
650,october,6
651,brazil,6
652,www.bjid.com.br,6
653,morbidly,5
654,phd,5
655,matched,5
656,.28,5
657,differ,5
658,unit,5
659,article,5
660,written,5
661,recently,5
662,initiated,5
663,might,5
664,subjects,5
665,diagnostic,5
666,matching,5
667,need,5
668,turned,5
669,hemodynamic,5
670,access,5
671,finally,5
672,h.,5
673,provided,5
674,june,5
675,height,5
676,kg,5
677,rank-sum,5
678,method,5
679,1.00,5
680,experienced,5
681,ulcers,5
682,bleeding,5
683,fewer,5
684,systolic,5
685,discussion,5
686,occur,5
687,central,5
688,physiologic,5
689,decreasing,5
690,index,5
691,limited,5
692,rather,5
693,interest,5
694,information,5
695,references,5
696,thorax,5
697,anzueto,5
698,hydrostatic,5
699,j.,5
700,anesthesiology,5
701,pm,5
702,rm,5
703,chart,5
704,suggest,5
705,attributable,5
706,identification,5
707,dr.,5
708,increases,5
709,disorders,5
710,program,5
711,region,5
712,education,5
713,drinkers,5
714,status,5
715,screening,5
716,hours,5
717,established,5
718,lack,5
719,and/or,5
720,person-years,5
721,predictor,5
722,race,5
723,estimated,5
724,rest,5
725,models,5
726,apparent,5
727,risks,5
728,"100,000",5
729,explained,5
730,prior,5
731,abuse,5
732,made,5
733,another,5
734,lead,5
735,wa,5
736,inhalation,5
737,detection,5
738,state,5
739,prophylaxis,5
740,ware,5
741,provides,5
742,impairment,5
743,lung-injury,5
744,scoring,5
745,recommended,5
746,pulmonary-artery,5
747,characterized,5
748,pleural,5
749,relatively,5
750,bronchoalveolar-lavage,5
751,even,5
752,fibrosing,5
753,alveolitis,5
754,recovery,5
755,scan,5
756,distal,5
757,spaces,5
758,collagen,5
759,endothelium,5
760,interstitium,5
761,progression,5
762,majority,5
763,explanations,5
764,treatments,5
765,despite,5
766,protein-rich,5
767,procollagen,5
768,activity,5
769,acidosis,5
770,liquid,5
771,needs,5
772,conventional,5
773,rescue,5
774,dp,5
775,rc,5
776,crapo,5
777,k.,5
778,elliott,5
779,folkesson,5
780,ⴝ,5
781,harborview,5
782,"al,4",5
783,deceased,5
784,culture,5
785,directives,5
786,einstein,5
787,paulo,5
788,endemic,5
789,hyg,5
790,case-control,4
791,jung,4
792,chanques,4
793,background,4
794,developing,4
795,atelectasis,4
796,hypoxemic,4
797,primary,4
798,points,4
799,.03,4
800,conclusions,4
801,safe,4
802,frc,4
803,residual,4
804,accepted,4
805,transplantation,4
806,prof,4
807,along,4
808,perfusion,4
809,correspondence,4
810,e-mail,4
811,suggested,4
812,seem,4
813,part,4
814,abdominal,4
815,knowledge,4
816,point,4
817,materials,4
818,retrospective,4
819,monitoring,4
820,prospectively,4
821,recorded,4
822,selection,4
823,invasive,4
824,according,4
825,ﬁve,4
826,organization,4
827,ventilated,4
828,head,4
829,journal.publications.chestnet.org,4
830,.32,4
831,ap,4
832,people,4
833,six,4
834,surface,4
835,facial,4
836,wilcoxon,4
837,kaplan-meier,4
838,legend,4
839,expansion,4
840,abbreviation,4
841,continuous,4
842,gastric,4
843,heart,4
844,pao2,4
845,7.1,4
846,1.5,4
847,parameters,4
848,ci,4
849,individual,4
850,better,4
851,showing,4
852,seen,4
853,ventilator-associated,4
854,delivered,4
855,designed,4
856,conclusion,4
857,nurses,4
858,single,4
859,integrity,4
860,products,4
861,mass,4
862,rs,4
863,pelosi,4
864,10.,4
865,prolonged,4
866,prognosis,4
867,brochard,4
868,relative,4
869,artigas,4
870,brigham,4
871,kl,4
872,coordination,4
873,t.,4
874,predict,4
875,iribarren,4
876,gross,4
877,examine,4
878,"121,012",4
879,confidence,4
880,relationship,4
881,dose-response,4
882,classification,4
883,public,4
884,major,4
885,smoke,4
886,hypothesis,4
887,checkup,4
888,still,4
889,drinks,4
890,divided,4
891,tests,4
892,atrial,4
893,summary,4
894,precipitating,4
895,follow-up,4
896,closing,4
897,date,4
898,remained,4
899,multivariate,4
900,categorical,4
901,prevent,4
902,appropriate,4
903,applying,4
904,numbers,4
905,in-hospital,4
906,distribution,4
907,bypass,4
908,code,4
909,0.04,4
910,0.001,4
911,native,4
912,clear,4
913,yr,4
914,21.8,4
915,examined,4
916,bp,4
917,pathways,4
918,contribute,4
919,example,4
920,host,4
921,advanced,4
922,underlying,4
923,dependent,4
924,future,4
925,able,4
926,believe,4
927,conditions,4
928,rp,4
929,moore,4
930,pepe,4
931,smith,4
932,mj,4
933,hematologic,4
934,markers,4
935,accumulation,4
936,lungs,4
937,sa,4
938,martin,4
939,jg,4
940,soc,4
941,fields,4
942,immune,4
943,sci,4
944,dg,4
945,s.,4
946,lancet,4
947,understanding,4
948,ashbaugh,4
949,refractory,4
950,evident,4
951,degree,4
952,earlier,4
953,radiography,4
954,petty,4
955,vascular,4
956,hemorrhage,4
957,wedge,4
958,includes,4
959,often,4
960,macrophages,4
961,show,4
962,pressures,4
963,tomography,4
964,interstitial,4
965,ct,4
966,seattle,4
967,microscopy,4
968,intravascular,4
969,indicates,4
970,supportive,4
971,microvascular,4
972,denuded,4
973,interleukin-1,4
974,tumor,4
975,necrosis,4
976,mediators,4
977,contributing,4
978,stress,4
979,overdistention,4
980,atelectatic,4
981,predicted,4
982,peptide,4
983,channels,4
984,primarily,4
985,insoluble,4
986,unclear,4
987,fluids,4
988,agents,4
989,adequate,4
990,beneficial,4
991,advance,4
992,na+,4
993,protocol,4
994,reducing,4
995,high-frequency,4
996,endexpiratory,4
997,pressure-controlled,4
998,singlecenter,4
999,zapol,4
1000,amato,4
1001,approaches,4
1002,delivery,4
1003,instillation,4
1004,methylprednisolone,4
1005,stopped,4
1006,meduri,4
1007,erratum,4
1008,cook,4
1009,frequency,4
1010,carrico,4
1011,rf,4
1012,maunder,4
1013,survivors,4
1014,lb,4
1015,abstract,4
1016,sznajder,4
1017,wood,4
1018,dj,4
1019,ingbar,4
1020,kj,4
1021,requiring,4
1022,corticosteroids,4
1023,fccp,4
1024,analyzed,4
1025,decades,4
1026,accounted,4
1027,withdrawn,4
1028,iss,4
1029,www.chestjournal.org,4
1030,injury/illness,4
1031,cns,4
1032,hepatic,4
1033,sepsis/mof,4
1034,dying,4
1035,são,4
1036,immunochromatographic,4
1037,hrp-2,4
1038,benign,4
1039,febrile,4
1040,symptoms,4
1041,parasitemia,4
1042,jong,3
1043,molinari,3
1044,sebbane,3
1045,prades,3
1046,futier,3
1047,stay,3
1048,admitted,3
1049,25th-75th,3
1050,percentile,3
1051,abbreviations,3
1052,functional,3
1053,problem,3
1054,drs,3
1055,saint,3
1056,eloi,3
1057,route,3
1058,france,3
1059,distributed,3
1060,expiratory,3
1061,long,3
1062,short,3
1063,investigate,3
1064,useful,3
1065,database,3
1066,deﬁned,3
1067,assessed,3
1068,sex,3
1069,simpliﬁed,3
1070,physiology,3
1071,french,3
1072,committee,3
1073,cerebral,3
1074,continued,3
1075,sedation,3
1076,scale,3
1077,right,3
1078,others,3
1079,bed,3
1080,supports,3
1081,ensure,3
1082,saps,3
1083,.02,3
1084,assistance,3
1085,allow,3
1086,inverse,3
1087,e-appendix,3
1088,expressed,3
1089,determine,3
1090,compare,3
1091,curves,3
1092,cox,3
1093,detailed,3
1094,.62,3
1095,0.58,3
1096,0.29,3
1097,0.55,3
1098,.22,3
1099,enteral,3
1100,evaluated,3
1101,sessions,3
1102,reports,3
1103,accidental,3
1104,extubation,3
1105,tube,3
1106,arrest,3
1107,peak,3
1108,units,3
1109,.50,3
1110,7.2,3
1111,7.0,3
1112,application,3
1113,ranged,3
1114,swelling,3
1115,vap,3
1116,curve,3
1117,tracheal,3
1118,explanation,3
1119,regions,3
1120,threshold,3
1121,incidences,3
1122,issues,3
1123,practice,3
1124,record,3
1125,investigators,3
1126,third,3
1127,highly,3
1128,centers,3
1129,morbidity,3
1130,author,3
1131,principal,3
1132,authors,3
1133,thompson,3
1134,mechanically,3
1135,5.,3
1136,6.,3
1137,7.,3
1138,8.,3
1139,9.,3
1140,11.,3
1141,nakos,3
1142,pt,3
1143,12.,3
1144,aj,3
1145,13.,3
1146,14.,3
1147,15.,3
1148,x,3
1149,16.,3
1150,17.,3
1151,18.,3
1152,v,3
1153,19.,3
1154,20.,3
1155,anesthesia,3
1156,21.,3
1157,22.,3
1158,23.,3
1159,cytomegalovirus,3
1160,lc,3
1161,eur,3
1162,mh,3
1163,mph,3
1164,jr.,3
1165,multiethnic,3
1166,maintenance,3
1167,subscribers,3
1168,9.9,3
1169,interval,3
1170,approximately,3
1171,key,3
1172,words,3
1173,ninth,3
1174,international,3
1175,picture,3
1176,dyspnea,3
1177,tachypnea,3
1178,oakland,3
1179,school,3
1180,cardiovascular,3
1181,proximal,3
1182,contents,3
1183,contains,3
1184,heavy,3
1185,independent,3
1186,subsequent,3
1187,description,3
1188,average,3
1189,lowest,3
1190,highest,3
1191,spectrum,3
1192,examination,3
1193,filled,3
1194,longer,3
1195,cigarettes,3
1196,five,3
1197,week,3
1198,measured,3
1199,repeated,3
1200,surgery,3
1201,radiograph,3
1202,reasons,3
1203,false-positive,3
1204,artery,3
1205,4.6,3
1206,model,3
1207,analyses,3
1208,cary,3
1209,nc,3
1210,categories,3
1211,confirmed,3
1212,1.8,3
1213,estimate,3
1214,greater,3
1215,meeting,3
1216,black,3
1217,given,3
1218,3.3,3
1219,counts,3
1220,slightly,3
1221,impaired,3
1222,concentrations,3
1223,source,3
1224,defense,3
1225,demonstrated,3
1226,vitro,3
1227,induces,3
1228,address,3
1229,yet,3
1230,relationships,3
1231,epidemiologic,3
1232,american-european,3
1233,baughman,3
1234,szaflarski,3
1235,rt,3
1236,surg,3
1237,lj,3
1238,relation,3
1239,je,3
1240,responses,3
1241,immunol,3
1242,metabolic,3
1243,activation,3
1244,dm,3
1245,arch,3
1246,n.,3
1247,ed,3
1248,city,3
1249,slutsky,3
1250,pj,3
1251,moss,3
1252,fa,3
1253,df,3
1254,rr,3
1255,chemotaxis,3
1256,phagocytosis,3
1257,progress,3
1258,b.,3
1259,advances,3
1260,lacks,3
1261,proposed,3
1262,m.a.m,3
1263,assessment,3
1264,nonpulmonary,3
1265,recognition,3
1266,affected,3
1267,nevertheless,3
1268,pathological,3
1269,murray,3
1270,indirect,3
1271,«,3
1272,cardiogenic,3
1273,multiorgan,3
1274,denotes,3
1275,condition,3
1276,characteristic,3
1277,effusions,3
1278,tomographic,3
1279,predominantly,3
1280,indicate,3
1281,completely,3
1282,radiographs,3
1283,pneumothorax,3
1284,histologic,3
1285,annual,3
1286,united,3
1287,posterior,3
1288,anterior,3
1289,reprinted,3
1290,publisher,3
1291,basis,3
1292,ability,3
1293,light,3
1294,specimen,3
1295,intraalveolar,3
1296,red,3
1297,granulation,3
1298,deposition,3
1299,reepithelialization,3
1300,bachofen,3
1301,therapeutic,3
1302,liver,3
1303,prognostic,3
1304,nearly,3
1305,obstruction,3
1306,carbon,3
1307,transfusions,3
1308,become,3
1309,bronchial,3
1310,necrotic,3
1311,apoptotic,3
1312,intact,3
1313,proteases,3
1314,tnf-a,3
1315,il-8,3
1316,fibroblast,3
1317,fibroblasts,3
1318,platelet-activating,3
1319,receptor,3
1320,interleukin-8,3
1321,inhibitory,3
1322,reduces,3
1323,bacterial,3
1324,experimental,3
1325,occurrence,3
1326,marked,3
1327,colony-stimulating,3
1328,complex,3
1329,produced,3
1330,balance,3
1331,ventilator-induced,3
1332,enhanced,3
1333,protective,3
1334,like,3
1335,uncomplicated,3
1336,intubation,3
1337,chloride,3
1338,aquaporins,3
1339,located,3
1340,removed,3
1341,endocytosis,3
1342,prevention,3
1343,nutrition,3
1344,novel,3
1345,proved,3
1346,resorption,3
1347,european,3
1348,significance,3
1349,prophylactic,3
1350,inconclusive,3
1351,hirschl,3
1352,involving,3
1353,difficult,3
1354,bronchoalveolar,3
1355,lavage,3
1356,double-blind,3
1357,showed,3
1358,prostaglandin,3
1359,nature,3
1360,later,3
1361,bone,3
1362,abraham,3
1363,efficacy,3
1364,dellinger,3
1365,schuster,3
1366,tl,3
1367,caldwell,3
1368,guyatt,3
1369,gh,3
1370,wr,3
1371,pathol,3
1372,alterations,3
1373,ra,3
1374,good,3
1375,clemmer,3
1376,tp,3
1377,ab,3
1378,abel,3
1379,lg,3
1380,ro,3
1381,jensen,3
1382,cr,3
1383,cl,3
1384,differential,3
1385,humans,3
1386,ji,3
1387,tj,3
1388,sm,3
1389,zimmerman,3
1390,rw,3
1391,antibiotics,3
1392,taylor,3
1393,ldh,3
1394,canine,3
1395,wm,3
1396,mol,3
1397,clark,3
1398,molecular,3
1399,na,3
1400,jayr,3
1401,ws,3
1402,falke,3
1403,jl,3
1404,gu,3
1405,m.,3
1406,series,3
1407,declined,3
1408,temporal,3
1409,preceded,3
1410,arose,3
1411,longitudinally,3
1412,near,3
1413,abstracted,3
1414,categorized,3
1415,laboratory,3
1416,nine,3
1417,gi,3
1418,therefore,3
1419,bowel,3
1420,hypotension,3
1421,mg/dl,3
1422,prothrombin,3
1423,thromboplastin,3
1424,times,3
1425,g/dl,3
1426,differences,3
1427,prendergast,3
1428,affect,3
1429,wls,3
1430,sp,3
1431,v.,3
1432,e.,3
1433,brazilian,3
1434,world,3
1435,infectious,3
1436,igm,3
1437,parasite,3
1438,noncardiogenic,3
1439,bronchiolitis,3
1440,obliterans,3
1441,organizing,3
1442,tertian,3
1443,m.a.,3
1444,feasibility,2
1445,effectiveness,2
1446,nursing,2
1447,samir,2
1448,little,2
1449,6-11,2
1450,7-12,2
1451,collected,2
1452,beneﬁt,2
1453,global,2
1454,obesity,2
1455,dar,2
1456,cedex,2
1457,reproduction,2
1458,prohibited,2
1459,online,2
1460,periods,2
1461,treat,2
1462,hospitalized,2
1463,conducted,2
1464,beds,2
1465,demographic,2
1466,procedure,2
1467,months,2
1468,consent,2
1469,ethics,2
1470,project,2
1471,routinely,2
1472,charge,2
1473,session,2
1474,last,2
1475,moving,2
1476,help,2
1477,starting,2
1478,checked,2
1479,turning,2
1480,movements,2
1481,every,2
1482,.09,2
1483,.30,2
1484,.15,2
1485,.14,2
1486,.73,2
1487,.57,2
1488,.07,2
1489,rotated,2
1490,trendelenburg,2
1491,attention,2
1492,paid,2
1493,descriptions,2
1494,strong,2
1495,presents,2
1496,percentages,2
1497,hazard,2
1498,version,2
1499,inc,2
1500,0.05,2
1501,diagram,2
1502,.11,2
1503,e-table,2
1504,summarizes,2
1505,feeding,2
1506,studied,2
1507,shorter,2
1508,variable,2
1509,displacement,2
1510,urinary,2
1511,chin,2
1512,1-3,2
1513,.34,2
1514,whereas,2
1515,settings,2
1516,plateau,2
1517,ph,2
1518,.48,2
1519,.24,2
1520,1.2,2
1521,1.0,2
1522,0.08,2
1523,0.09,2
1524,7.39,2
1525,.17,2
1526,except,2
1527,0.36,2
1528,variations,2
1529,ratios,2
1530,effectively,2
1531,safely,2
1532,published,2
1533,fernandez,2
1534,guerin,2
1535,regularly,2
1536,al17,2
1537,voggenreiter,2
1538,watanabe,2
1539,already,2
1540,collapsed,2
1541,considering,2
1542,particular,2
1543,experience,2
1544,depends,2
1545,standardized,2
1546,deserve,2
1547,institutions,2
1548,represent,2
1549,acknowledgments,2
1550,contributions,2
1551,full,2
1552,accuracy,2
1553,served,2
1554,exist,2
1555,services,2
1556,discussed,2
1557,grateful,2
1558,additional,2
1559,supplemental,2
1560,mn,2
1561,bt,2
1562,brown,2
1563,douglas,2
1564,marsh,2
1565,mascheroni,2
1566,blanch,2
1567,perez,2
1568,roupie,2
1569,tsangaris,2
1570,kostanti,2
1571,extrapulmonary,2
1572,pesenti,2
1573,prone-supine,2
1574,taccone,2
1575,meta-analysis,2
1576,chergui,2
1577,general,2
1578,anesth,2
1579,americaneuropean,2
1580,24.,2
1581,consequences,2
1582,25.,2
1583,26.,2
1584,systematic,2
1585,27.,2
1586,28.,2
1587,moderate,2
1588,29.,2
1589,30.,2
1590,31.,2
1591,papazian,2
1592,32.,2
1593,ards*,2
1594,carlos,2
1595,jacobs,2
1596,sidney,2
1597,eisner,2
1598,objective,2
1599,well-defined,2
1600,aged,2
1601,measure,2
1602,independently,2
1603,1.38,2
1604,2.85,2
1605,4.59,2
1606,causal,2
1607,aging,2
1608,bethesda,2
1609,paramount,2
1610,nonproximal,2
1611,likelihood,2
1612,eventually,2
1613,reactive,2
1614,capable,2
1615,"peroxidation,17",2
1616,aim,2
1617,members,2
1618,bay,2
1619,diverse,2
1620,socioeconomic,2
1621,enrollment,2
1622,sample,2
1623,product,2
1624,ever,2
1625,calculated,2
1626,fvc,2
1627,fev1,2
1628,computer,2
1629,tx,2
1630,previously,2
1631,"55,389",2
1632,missing,2
1633,institutional,2
1634,maintained,2
1635,purposes,2
1636,listed,2
1637,records,2
1638,facilities,2
1639,sent,2
1640,facility,2
1641,saturation,2
1642,concentration,2
1643,ascertained,2
1644,noted,2
1645,sensitivity,2
1646,attempt,2
1647,typically,2
1648,line,2
1649,swan-ganz,2
1650,hospitalization,2
1651,age-specific,2
1652,earliest,2
1653,membership,2
1654,consecutive,2
1655,younger,2
1656,maximum,2
1657,regression,2
1658,observations,2
1659,excess,2
1660,expected,2
1661,follows,2
1662,3.6,2
1663,contusion,2
1664,suggests,2
1665,"10.6/100,000",2
1666,prevalence,2
1667,counterparts,2
1668,value*,2
1669,yr†,2
1670,asian,2
1671,0.0001,2
1672,latino,2
1673,nonwhite,2
1674,indian,2
1675,alaska,2
1676,hawaiian,2
1677,pacific,2
1678,islander,2
1679,blacks,2
1680,–1993,2
1681,female,2
1682,0.73,2
1683,cholesterol,2
1684,wbc,2
1685,subset,2
1686,valid,2
1687,estimates,2
1688,fact,2
1689,specifically,2
1690,mediated,2
1691,species,2
1692,dna,2
1693,quit,2
1694,hand,2
1695,ethanol,2
1696,limitation,2
1697,true,2
1698,clearly,2
1699,coded,2
1700,rule,2
1701,trauma-related,2
1702,appears,2
1703,decision,2
1704,substantially,2
1705,knaus,2
1706,fein,2
1707,niederman,2
1708,guntupalli,2
1709,kk,2
1710,aerosolized,2
1711,sepsis-induced,2
1712,semin,2
1713,parsons,2
1714,ee,2
1715,circulating,2
1716,endotoxin,2
1717,ms,2
1718,doyle,2
1719,modin,2
1720,gw,2
1721,keogh,2
1722,bf,2
1723,prediction,2
1724,potkin,2
1725,reus,2
1726,sc,2
1727,asymptomatic,2
1728,nonsmokers,2
1729,toxicol,2
1730,nelson,2
1731,lab,2
1732,altered,2
1733,regulation,2
1734,hill,2
1735,marks,2
1736,cancer,2
1737,res,2
1738,enrolled,2
1739,validation,2
1740,testing,2
1741,york,2
1742,salt,2
1743,release,2
1744,villar,2
1745,thomsen,2
1746,ge,2
1747,utah,2
1748,pc,2
1749,overview,2
1750,eosinophilic,2
1751,radiology,2
1752,wallace,2
1753,bl,2
1754,ls,2
1755,acad,2
1756,induced,2
1757,exposure,2
1758,immunity,2
1759,bucher,2
1760,lipid,2
1761,–31,2
1762,m.d.,2
1763,appeared,2
1764,uniform,2
1765,natural,2
1766,historical,2
1767,cyanosis,2
1768,systematically,2
1769,expanded,2
1770,l.b.w.,2
1771,box,2
1772,static,2
1773,widely,2
1774,scores,2
1775,complicated,2
1776,advantages,2
1777,recognizes,2
1778,varies,2
1779,simple,2
1780,widespread,2
1781,reference,2
1782,especially,2
1783,exclude,2
1784,consider,2
1785,stages,2
1786,exudative,2
1787,manifested,2
1788,radiographically,2
1789,scanning,2
1790,zones,2
1791,spared,2
1792,substantial,2
1793,erythrocytes,2
1794,proteinrich,2
1795,resolve,2
1796,persistent,2
1797,ventricular,2
1798,histologically,2
1799,gradual,2
1800,returns,2
1801,accurate,2
1802,states,2
1803,8.3,2
1804,anteroposterior,2
1805,man,2
1806,reticular,2
1807,throughout,2
1808,thickened,2
1809,issue,2
1810,way,2
1811,commonly,2
1812,electron,2
1813,lung-biopsy,2
1814,arrow,2
1815,hematoxylin,2
1816,eosin,2
1817,specimens,2
1818,inflammatory-cell,2
1819,infiltrate,2
1820,¬60,2
1821,extracellular,2
1822,matrix,2
1823,compartment,2
1824,microvilli,2
1825,lamellar,2
1826,bodies,2
1827,changing,2
1828,anderson,2
1829,success,2
1830,effective,2
1831,surprisingly,2
1832,survive,2
1833,gas-exchange,2
1834,reperfusion,2
1835,drug,2
1836,healthrelated,2
1837,health-related,2
1838,barriers,2
1839,form,2
1840,alveolar–capillary,2
1841,influx,2
1842,consequence,2
1843,make,2
1844,differentiation,2
1845,sloughing,2
1846,activated,2
1847,leukotrienes,2
1848,oxidants,2
1849,paf,2
1850,il-1,2
1851,fibrin,2
1852,mif,2
1853,gap,2
1854,platelets,2
1855,right-hand,2
1856,locally,2
1857,stimulate,2
1858,interleukin-1–receptor,2
1859,antagonist,2
1860,autoantibodies,2
1861,interleukin-10,2
1862,"abnormalities.54,55",2
1863,repair,2
1864,neutrophil-mediated,2
1865,animal,2
1866,sequestration,2
1867,raises,2
1868,granulocyte,2
1869,unsuccessful,2
1870,initiate,2
1871,regulatory,2
1872,secretion,2
1873,focused,2
1874,uninjured,2
1875,deleterious,2
1876,opening,2
1877,collapse,2
1878,interestingly,2
1879,inhibit,2
1880,vessels,2
1881,composition,2
1882,correlates,2
1883,fibronectin,2
1884,elevated,2
1885,hasten,2
1886,active,2
1887,remove,2
1888,considerable,2
1889,must,2
1890,particularly,2
1891,diffusion,2
1892,restoring,2
1893,mechanism,2
1894,antiapoptotic,2
1895,careful,2
1896,preferred,2
1897,serious,2
1898,encouraging,2
1899,improving,2
1900,of8,2
1901,phagocytosis8,2
1902,neutrophils8,2
1903,enac,2
1904,na+/k+–atpase,2
1905,apical,2
1906,taken,2
1907,paracellular,2
1908,remodeling,2
1909,canadian,2
1910,allowing,2
1911,minute,2
1912,administration,2
1913,dioxide,2
1914,adjust,2
1915,39.8,2
1916,alternative,2
1917,jet,2
1918,inverse-ratio,2
1919,oscillatory,2
1920,open-lung,2
1921,kirby,2
1922,carlon,2
1923,lessard,2
1924,fort,2
1925,mure,2
1926,stewart,2
1927,inflection,2
1928,pressure–volume,2
1929,suggesting,2
1930,hemodynamics,2
1931,maintain,2
1932,vasopressors,2
1933,restore,2
1934,infants,2
1935,synthetic,2
1936,preparation,2
1937,preparations,2
1938,proteins,2
1939,vasodilators,2
1940,vasculature,2
1941,resolving,2
1942,investigated,2
1943,selective,2
1944,alprostadil,2
1945,prostacyclin,2
1946,larger,2
1947,experimentally,2
1948,beta-agonists,2
1949,accelerate,2
1950,pharmacologic,2
1951,intravenous,2
1952,liposomal,2
1953,ketoconazole,2
1954,payen,2
1955,unpublished,2
1956,protects,2
1957,regarding,2
1958,intervention,2
1959,bigelow,2
1960,db,2
1961,principles,2
1962,lk,2
1963,rubenfeld,2
1964,variability,2
1965,meade,2
1966,mo,2
1967,interobserver,2
1968,webb,2
1969,versus,2
1970,bombino,2
1971,pittet,2
1972,tr,2
1973,biological,2
1974,pathogenetic,2
1975,weibel,2
1976,er,2
1977,structural,2
1978,broaddus,2
1979,vc,2
1980,barotrauma,2
1981,balk,2
1982,—,2
1983,karlsson,2
1984,fowler,2
1985,aa,2
1986,hamman,2
1987,jt,2
1988,predispositions,2
1989,anardi,2
1990,orme,2
1991,modifying,2
1992,stager,2
1993,jj,2
1994,davis,2
1995,finney,2
1996,brett,2
1997,pugin,2
1998,albertine,2
1999,kh,2
2000,wright,2
2001,wj,2
2002,biophysical,2
2003,pseudomonas,2
2004,aeruginosa,2
2005,g.,2
2006,rh,2
2007,jb,2
2008,migration,2
2009,suter,2
2010,inflation,2
2011,protection,2
2012,jc,2
2013,adverse,2
2014,acid,2
2015,golden,2
2016,f.,2
2017,jw,2
2018,martinet,2
2019,rat,2
2020,biol,2
2021,properties,2
2022,eds,2
2023,verkman,2
2024,camp,2
2025,dobbs,2
2026,gonzalez,2
2027,upregulation,2
2028,matute-bello,2
2029,liles,2
2030,wc,2
2031,mt,2
2032,js,2
2033,pilot,2
2034,prewitt,2
2035,nitroprusside,2
2036,sprung,2
2037,leeper,2
2038,kv,2
2039,patterns,2
2040,stimulates,2
2041,hyperoxic,2
2042,panos,2
2043,simonet,2
2044,wang,2
2045,simultaneously,2
2046,kgf,2
2047,savla,2
2048,renee,2
2049,stapleton,2
2050,targeted,2
2051,originally,2
2052,varied,2
2053,similarly,2
2054,july,2
2055,2005.,2
2056,failures,2
2057,cause-specific,2
2058,explains,2
2059,hypothesized,2
2060,fully,2
2061,understand,2
2062,1998.,2
2063,trends,2
2064,survived,2
2065,chosen,2
2066,suspected,2
2067,dysfunctions,2
2068,life-sustaining,2
2069,onset.4,2
2070,breathing,2
2071,excluding,2
2072,plus,2
2073,temperature,2
2074,unexplained,2
2075,䡠,2
2076,vasopressor,2
2077,medications,2
2078,2.0,2
2079,reversible,2
2080,5.0,2
2081,ruptured,2
2082,creatinine,2
2083,responsive,2
2084,transferred,2
2085,*data,2
2086,†wilcoxon,2
2087,range,2
2088,stratified,2
2089,0.0002,2
2090,0.043,2
2091,0.255,2
2092,0.03,2
2093,10.0,2
2094,10.4,2
2095,3.5,2
2096,15.5,2
2097,10.5,2
2098,uncommon,2
2099,strength,2
2100,investigation,2
2101,concluded,2
2102,resuscitation,2
2103,end-of-life,2
2104,partially,2
2105,assignment,2
2106,generalizability,2
2107,believed,2
2108,necessary,2
2109,ferring,2
2110,ulcer,2
2111,unlikely,2
2112,literature,2
2113,andré,2
2114,josé,2
2115,appear,2
2116,correspond,2
2117,exacerbation,2
2118,43-year-old,2
2119,woman,2
2120,living,2
2121,microscopic,2
2122,histidine,2
2123,rich,2
2124,discharged,2
2125,travel,2
2126,imported,2
2127,countries,2
2128,anemia,2
2129,sao,2
2130,fever,2
2131,worsening,2
2132,manaus,2
2133,amazon,2
2134,forest,2
2135,pulse,2
2136,count,2
2137,monocytes,2
2138,x-ray,2
2139,iv,2
2140,acon,2
2141,chloroquine,2
2142,virus,2
2143,samples,2
2144,antibodies,2
2145,pneumoniae,2
2146,consolidations,2
2147,effusion,2
2148,boop,2
2149,pcr,2
2150,polymerase,2
2151,chain,2
2152,reaction,2
2153,phagocytic,2
2154,epidemiological,2
2155,"8,14",2
2156,anstey,2
2157,mandell,2
2158,bennett,2
2159,trans,2
2160,j.r.,2
2161,m.e.,2
2162,shin,2
2163,microbiol,2
2164,audrey,1
2165,nicolas,1
2166,mustapha,1
2167,fellow,1
2168,emmanuel,1
2169,boris,1
2170,gérald,1
2171,safety,1
2172,thirtythree,1
2173,.05,1
2174,seems,1
2175,subgroup,1
2176,:1554–1561,1
2177,health-care,1
2178,confronted,1
2179,icus,1
2180,"ards.1,2",1
2181,november,1
2182,2012.,1
2183,afﬁliations,1
2184,montpellier-inserm,1
2185,informatic,1
2186,lapeyronie,1
2187,umr,1
2188,mistea,1
2189,ganges,1
2190,funding/support,1
2191,ards3-13,1
2192,inﬂation,1
2193,homogeneously,1
2194,dorsoventral,1
2195,axis,1
2196,"inequalities,14,15",1
2197,constant,1
2198,"reduced,16",1
2199,increased.9,1
2200,unité,1
2201,réanimationdépartement,1
2202,anesthésie-réanimation,1
2203,chu,1
2204,hopital,1
2205,avenue,1
2206,augustin,1
2207,fliche,1
2208,s-jaber,1
2209,chu-montpellier.fr,1
2210,details,1
2211,doi,1
2212,10.1378/chest.12-2115,1
2213,12-20,1
2214,"ards.14,15,17-19",1
2215,respond,1
2216,relieve,1
2217,anesthetized,1
2218,report.21,1
2219,matched-pair,1
2220,medicalsurgical,1
2221,st,1
2222,carevue,1
2223,royal,1
2224,philips,1
2225,electronics,1
2226,nv,1
2227,fulfilled,1
2228,"ards,23",1
2229,inﬁltrates,1
2230,"studies.24,25",1
2231,strictly,1
2232,noninterventional,1
2233,modiﬁcation,1
2234,waived,1
2235,law.22,1
2236,local,1
2237,scientiﬁc,1
2238,comite,1
2239,gestion,1
2240,anesthesie-reanimation,1
2241,du,1
2242,centre,1
2243,hospitalier,1
2244,universitaire,1
2245,approval,1
2246,cogar-no,1
2247,2011-04,1
2248,prescribed,1
2249,discretion,1
2250,intracranial,1
2251,fractures,1
2252,spine,1
2253,instability,1
2254,planned,1
2255,h/d,1
2256,prescription,1
2257,required,1
2258,steps,1
2259,switch,1
2260,lying,1
2261,deep,1
2262,analgesia,1
2263,richmond,1
2264,agitation,1
2265,behavioral,1
2266,pain,1
2267,operator,1
2268,secure,1
2269,operators,1
2270,monitor,1
2271,ﬁrst,1
2272,moved,1
2273,prepare,1
2274,upper,1
2275,pelvic,1
2276,placed,1
2277,free,1
2278,positioned,1
2279,regular,1
2280,checking,1
2281,compression,1
2282,photograph,1
2283,1—main,1
2284,proned,1
2285,.55,1
2286,.66,1
2287,team,1
2288,neck,1
2289,protruded,1
2290,sheet,1
2291,proper,1
2292,avoid,1
2293,eye,1
2294,nonphysiologic,1
2295,limbs,1
2296,posture,1
2297,extensive,1
2298,thirty-ﬁve,1
2299,eligible,1
2300,thirty-three,1
2301,student,1
2302,quantitative,1
2303,gaussian,1
2304,non-gaussian,1
2305,qualitative,1
2306,lifetimes,1
2307,log-rank,1
2308,9.3,1
2309,statistically,1
2310,"2,543",1
2311,"1,704",1
2312,flow,1
2313,2—baseline,1
2314,.79,1
2315,1.92,1
2316,2.27,1
2317,1.45,1
2318,.13,1
2319,ﬂow,1
2320,eighty-three,1
2321,correctly,1
2322,dialyzed,1
2323,venovenous,1
2324,hemodiaﬁltration,1
2325,nasogastric-tube,1
2326,.80,1
2327,vasoactive-drug,1
2328,myorelaxant,1
2329,corresponding,1
2330,"1,838",1
2331,"1,021",1
2332,10-31,1
2333,16-54,1
2334,3—characteristics,1
2335,endotracheal,1
2336,forehead,1
2337,vomiting,1
2338,1-4,1
2339,10-37,1
2340,7-11,1
2341,2-4,1
2342,14-42,1
2343,9-30,1
2344,.16,1
2345,.003,1
2346,2-6,1
2347,values,1
2348,.0001,1
2349,paired,1
2350,measurements,1
2351,4—physiologic,1
2352,beats/min,1
2353,breaths/min,1
2354,diastolic,1
2355,inspiratory,1
2356,ml/kg,1
2357,alkaline,1
2358,reserve,1
2359,mmol/l,1
2360,paco2,1
2361,.67,1
2362,.87,1
2363,.18,1
2364,.35,1
2365,.64,1
2366,.92,1
2367,9⫾3,1
2368,9⫾2,1
2369,.43,1
2370,.37,1
2371,.58,1
2372,.60,1
2373,.89,1
2374,.53,1
2375,1.3,1
2376,6.9,1
2377,1.4,1
2378,.68,1
2379,7.38,1
2380,0.10,1
2381,7.40,1
2382,7.36,1
2383,0.07,1
2384,0.11,1
2385,7.42,1
2386,.21,1
2387,.25,1
2388,.84,1
2389,.44,1
2390,.93,1
2391,.70,1
2392,0.14-0.93,1
2393,positions,1
2394,numerous,1
2395,.044,1
2396,.001,1
2397,ﬁndings,1
2398,speciﬁcally,1
2399,oxygenation.21,1
2400,"al,17",1
2401,"al,15",1
2402,"al,13",1
2403,al26,1
2404,"ones.27,28",1
2405,al30,1
2406,coworkers.17,1
2407,al13,1
2408,5—outcome,1
2409,tract,1
2410,bacteremia,1
2411,.19,1
2412,.71,1
2413,.08,1
2414,4.9601,1
2415,.0259,1
2416,thoracotomy,1
2417,"studies.14,31",1
2418,recruits,1
2419,hyperinﬂation,1
2420,dispersed,1
2421,stretch,1
2422,strain,1
2423,forces.9,1
2424,lung-protection,1
2425,atelectasis.14,1
2426,tended,1
2427,"studies.31,32",1
2428,studies.26,1
2429,evaluate,1
2430,meaningful,1
2431,concerning,1
2432,stated,1
2433,monocenter,1
2434,unblinded,1
2435,nonrandomized,1
2436,casecontrol,1
2437,weakens,1
2438,draw,1
2439,chose,1
2440,describe,1
2441,randomize,1
2442,acknowledged,1
2443,identiﬁcation,1
2444,detail,1
2445,completeness,1
2446,minimize,1
2447,transmissions,1
2448,assistants,1
2449,carefully,1
2450,medical-,1
2451,adj,1
2452,nurse-research,1
2453,ranging,1
2454,1-19,1
2455,emphasize,1
2456,favorable,1
2457,conﬁrmation,1
2458,needed,1
2459,conﬁrm,1
2460,terms,1
2461,takes,1
2462,responsibility,1
2463,drafting,1
2464,writing,1
2465,conception,1
2466,financial/nonﬁnancial,1
2467,disclosures,1
2468,conﬂicts,1
2469,companies/organizations,1
2470,enthusiastic,1
2471,doctors,1
2472,assistant,1
2473,saint-eloi,1
2474,thank,1
2475,valérie,1
2476,macioce,1
2477,statistic,1
2478,english,1
2479,editing,1
2480,gong,1
2481,bajwa,1
2482,ek,1
2483,christiani,1
2484,dc,1
2485,:44-50,1
2486,frutos-vivar,1
2487,esteban,1
2488,ventila,1
2489,inﬂuence,1
2490,:66-73,1
2491,piehl,1
2492,extreme,1
2493,:13-14,1
2494,ww,1
2495,rehder,1
2496,beynen,1
2497,fm,1
2498,sessler,1
2499,ad,1
2500,hm,1
2501,559-566,1
2502,langer,1
2503,marcolin,1
2504,:103-107,1
2505,chatte,1
2506,sab,1
2507,dubois,1
2508,sirodot,1
2509,gaussorgues,1
2510,robert,1
2511,:473-478,1
2512,short-term,1
2513,1033-1039,1
2514,servillo,1
2515,robertis,1
2516,ventral,1
2517,decubitus,1
2518,:1219-1224,1
2519,tubiolo,1
2520,387-393,1
2521,martinez,1
2522,diaz,1
2523,joseph,1
2524,:29-36,1
2525,ﬁbrosis,1
2526,:360-368,1
2527,rialp,1
2528,betbesé,1
2529,pérez-márquez,1
2530,shortterm,1
2531,:243-249,1
2532,tognoni,1
2533,568-573,1
2534,carlesso,1
2535,polli,1
2536,guérin,1
2537,pathophysiologic,1
2538,minerva,1
2539,anestesiol,1
2540,:448-454,1
2541,trenchs,1
2542,klamburg,1
2543,1487-1491,1
2544,vieillard-baron,1
2545,rabiller,1
2546,:220-226,1
2547,fernández,1
2548,:1233-1239,1
2549,charron,1
2550,bouferrache,1
2551,caille,1
2552,impact,1
2553,:785-790,1
2554,abroug,1
2555,ouanes-besbes,1
2556,dachraoui,1
2557,ouanes,1
2558,updated,1
2559,study-level,1
2560,randomised,1
2561,proning,1
2562,croci,1
2563,calappi,1
2564,analg,1
2565,:578-583,1
2566,choukroun,1
2567,meyer,1
2568,caen,1
2569,opportunity,1
2570,explore,1
2571,intrinsic,1
2572,pressure-lower,1
2573,inﬂexion,1
2574,interdependence,1
2575,:1237-1239,1
2576,legifrance.gouv.fr,1
2577,law,1
2578,88-1138,1
2579,biomedical,1
2580,modiﬁed,1
2581,2004.,1
2582,legifrance,1
2583,website,1
2584,//www.legifrance.gouv.fr/afﬁchtexte,1
2585,cidtexte=legitext000006076580,1
2586,datetexte=20090729,1
2587,accessed,1
2588,september,1
2589,deﬁnitions,1
2590,:818-824,1
2591,borry,1
2592,:233-241,1
2593,atkins,1
2594,mion,1
2595,mendelson,1
2596,palmer,1
2597,slomka,1
2598,franko,1
2599,self-extubate,1
2600,:1317-1323,1
2601,gaillard,1
2602,lemasson,1
2603,:2379-2387,1
2604,brazzi,1
2605,:1017-1028,1
2606,latini,1
2607,:1977-1984,1
2608,aufmkolk,1
2609,stiletto,1
2610,post-traumatic,1
2611,injury—a,1
2612,:333-341.,1
2613,341-343,1
2614,fujihara,1
2615,sato,1
2616,beneﬁcial,1
2617,transthoracic,1
2618,esophagectomy,1
2619,:1799-1802,1
2620,paladini,1
2621,bregeon,1
2622,sufﬁcient,1
2623,:1044-1049,1
2624,mebazaa,1
2625,m-s,1
2626,abid,1
2627,frikha,1
2628,mestiri,1
2629,ben,1
2630,ammar,1
2631,m-s.,1
2632,fr,1
2633,reanim,1
2634,:307-318.,1
2635,15-year,1
2636,managed,1
2637,stephen,1
2638,myron,1
2639,mark,1
2640,54.2,1
2641,validated,1
2642,genders,1
2643,1.12,1
2644,1.71,1
2645,1.23,1
2646,6.60,1
2647,2.13,1
2648,9.88,1
2649,assuming,1
2650,117:163–168,1
2651,heby,1
2652,theards,1
2653,inflammatory-cell-mediated,1
2654,injury.1–3,1
2655,rapidly,1
2656,".1,4,5",1
2657,modality,1
2658,devel*from,1
2659,minnesota,1
2660,minneapolis,1
2661,contract,1
2662,ro1-ag-12264,1
2663,01a1,1
2664,february,1
2665,1999.,1
2666,broadway,1
2667,cgi,1
2668,dor.kaiser.org,1
2669,opment,1
2670,well-established,1
2671,trauma.5–11,1
2672,predating,1
2673,"ards,12–16",1
2674,secondly,1
2675,hydroxyl,1
2676,radicals,1
2677,"dna,18",1
2678,reactions.12–16,1
2679,turn,1
2680,linked,1
2681,"outcomes,19,20",1
2682,hospitalization.21,1
2683,area-based,1
2684,socioeconomically,1
2685,plan.22,1
2686,underrepresented,1
2687,voluntary,1
2688,questionnaires,1
2689,demographics,1
2690,drawn,1
2691,chemistry,1
2692,determinations,1
2693,tobacco,1
2694,almost,1
2695,subclassified,1
2696,likewise,1
2697,lifelong,1
2698,abstainers,1
2699,consuming,1
2700,equal,1
2701,procedures.23,1
2702,vertek,1
2703,vr5000,1
2704,electro/med,1
2705,instruments,1
2706,houston,1
2707,described.23,1
2708,component,1
2709,discontinued,1
2710,1981.,1
2711,examinations,1
2712,contained,1
2713,"65,790",1
2714,1985.,1
2715,exclusions,1
2716,prevalent,1
2717,board,1
2718,foundation,1
2719,automated,1
2720,overnight,1
2721,affiliated,1
2722,dates,1
2723,vital,1
2724,algorithm,1
2725,extracted,1
2726,elsewhere,1
2727,",24",1
2728,regardless,1
2729,1993.,1
2730,518.82.,1
2731,inpatient,1
2732,requested,1
2733,unaware,1
2734,offices,1
2735,non-kaiser,1
2736,abstraction,1
2737,european-american,1
2738,pao2/fraction,1
2739,impressions,1
2740,.1,1
2741,true-positives,1
2742,56/126,1
2743,specificity,1
2744,relying,1
2745,ascertain,1
2746,section,1
2747,characterize,1
2748,admissions,1
2749,employed,1
2750,93.90,1
2751,93.91,1
2752,96.70,1
2753,96.71,1
2754,96.72,1
2755,38.91,1
2756,89.62,1
2757,89.63,1
2758,89.64,1
2759,underwent,1
2760,sex-,1
2761,person-time,1
2762,participant,1
2763,elapsed,1
2764,"59,570",1
2765,"61,386",1
2766,disenrollment,1
2767,individuals,1
2768,24.6,1
2769,25.3,1
2770,4.7,1
2771,importantly,1
2772,ethnic,1
2773,habits,1
2774,proportional,1
2775,hazards,1
2776,age-adjusted,1
2777,outcome.25,1
2778,confounders,1
2779,account,1
2780,nonlinearity,1
2781,entered,1
2782,representing,1
2783,quartiles,1
2784,dummy,1
2785,created,1
2786,none,1
2787,6.11,1
2788,.26,1
2789,everyone,1
2790,various,1
2791,minus,1
2792,1—baseline,1
2793,–1985,1
2794,39.4,1
2795,13/33,1
2796,39.1,1
2797,9/23,1
2798,30.3,1
2799,28.6,1
2800,26.8,1
2801,hypertransfusion,1
2802,5.3,1
2803,nonthoracic,1
2804,methotrexate-induced,1
2805,pneumonitis,1
2806,underestimating,1
2807,"cases/100,000",1
2808,derived,1
2809,assisted-ventilation,1
2810,assistedventilation,1
2811,modalities,1
2812,"33.5/100,000",1
2813,"77.1/100,000",1
2814,32.4,1
2815,33.8,1
2816,44.9,1
2817,monotonically,1
2818,"120,956",1
2819,other‡,1
2820,kg/m2†,1
2821,52.8,1
2822,12.6,1
2823,43.1,1
2824,14.0,1
2825,0.18,1
2826,25.4,1
2827,3.8,1
2828,24.4,1
2829,5.2,1
2830,0.004,1
2831,0.80,1
2832,*p,1
2833,†presented,1
2834,means,1
2835,‡hispanic,1
2836,age-,1
2837,multivariate-adjusted,1
2838,univariate,1
2839,advancing,1
2840,5.7-fold,1
2841,borderline,1
2842,pooled,1
2843,fashion,1
2844,existed,1
2845,alcoholic,1
2846,suggestion,1
2847,u-shaped,1
2848,multivariateadjusted,1
2849,2—gender-,1
2850,25–44,1
2851,45–64,1
2852,65–89,1
2853,"32,679",1
2854,"270,910",1
2855,27.5,1
2856,"17,819",1
2857,"197,520",1
2858,112.2,1
2859,10.1,1
2860,"4,891",1
2861,"48,879",1
2862,81.8,1
2863,8.2,1
2864,"517,309",1
2865,59.6,1
2866,6.4,1
2867,"39,031",1
2868,"333,087",1
2869,10.2,1
2870,"20,782",1
2871,"238,514",1
2872,67.4,1
2873,5.8,1
2874,"5,810",1
2875,"64,189",1
2876,86.0,1
2877,7.8,1
2878,"65,623",1
2879,"635,790",1
2880,35.0,1
2881,*person-years,1
2882,allocated,1
2883,3—relative,1
2884,intervals,1
2885,adjusted†,1
2886,adjusted‡,1
2887,other§,1
2888,smoking\,1
2889,24.2,1
2890,24.3,1
2891,27.2,1
2892,27.3,1
2893,1.44,1
2894,1.19–1.74,1
2895,1.81,1
2896,1.06–3.09,1
2897,1.67,1
2898,0.96–2.90,1
2899,1.12–1.71,1
2900,1.70,1
2901,0.97–3.01,1
2902,1.66,1
2903,0.95–2.92,1
2904,0.26–1.13,1
2905,0.86,1
2906,0.31–2.42,1
2907,0.51,1
2908,0.12–2.16,1
2909,0.47,1
2910,0.22–0.99,1
2911,0.92,1
2912,0.31–2.70,1
2913,0.53,1
2914,0.12–2.26,1
2915,2.06,1
2916,0.99–4.28,1
2917,2.74,1
2918,1.21–6.20,1
2919,5.72,1
2920,2.78–11.79,1
2921,1.84,1
2922,0.86–3.95,1
2923,1.23–6.60,1
2924,2.13–9.88,1
2925,3.68,1
2926,1.06–12.72,1
2927,0.93,1
2928,0.36–2.38,1
2929,2.41,1
2930,0.80–7.22,1
2931,1.89,1
2932,0.52–6.87,1
2933,0.21–1.55,1
2934,0.97,1
2935,0.30–3.16,1
2936,0.75,1
2937,0.38–1.46,1
2938,0.29–1.15,1
2939,0.88,1
2940,0.67–1.15,1
2941,0.38–1.42,1
2942,0.52,1
2943,0.25–1.03,1
2944,0.87,1
2945,0.64–1.17,1
2946,*analysis,1
2947,†separate,1
2948,adjusting,1
2949,‡all,1
2950,§hispanic,1
2951,\number,1
2952,1.57,1
2953,"0,86",1
2954,2.84,1
2955,3.82,1
2956,2.34,1
2957,6.27,1
2958,prevailed,1
2959,unrelated,1
2960,final,1
2961,"46,138",1
2962,spirometry,1
2963,associations,1
2964,insured,1
2965,ethnically,1
2966,comparable,1
2967,strict,1
2968,ards.27–29,1
2969,half,1
2970,inpatients,1
2971,undergone,1
2972,undergo,1
2973,digestive,1
2974,surgery.30,1
2975,–32,1
2976,immunocompetence,1
2977,"smokers.33,34",1
2978,"adducts,18",1
2979,"inflammation.12–16,35",1
2980,underestimation,1
2981,bias,1
2982,operate,1
2983,direction,1
2984,ex-smokers,1
2985,gone,1
2986,back,1
2987,started,1
2988,entry,1
2989,surprising,1
2990,"age,36,37",1
2991,age-related,1
2992,illnesses,1
2993,at-risk,1
2994,diagnosis.38,1
2995,moreover,1
2996,lung39,1
2997,alters,1
2998,dose-,1
2999,"fashion.40,41",1
3000,noteworthy,1
3001,unexpected,1
3002,chance,1
3003,replicated,1
3004,interpretation,1
3005,underestimate,1
3006,conducting,1
3007,truepositive,1
3008,interested,1
3009,determining,1
3010,probability,1
3011,true-positive,1
3012,false-negative,1
3013,confounding,1
3014,reviewer,1
3015,blinded,1
3016,case-ascertainment,1
3017,yielded,1
3018,generalized,1
3019,elevate,1
3020,nearfatal,1
3021,fatal,1
3022,situation,1
3023,preventable,1
3024,avoidance,1
3025,intermediate,1
3026,151:818,1
3027,sun,1
3028,hakim,1
3029,150:311–317,1
3030,pathophysiology,1
3031,learned,1
3032,2:429,1
3033,334:1417–1421,1
3034,krafft,1
3035,fridrich,1
3036,pernerstorfer,1
3037,clinichest,1
3038,cal,1
3039,22:519,1
3040,–529,1
3041,15:254,1
3042,–259,1
3043,worthen,1
3044,gs,1
3045,140:294,1
3046,–301,1
3047,sequence,1
3048,11:633–,1
3049,152:1818,1
3050,–1824,1
3051,messent,1
3052,sullivan,1
3053,47:267–268,1
3054,144:124,1
3055,–130,1
3056,mckarns,1
3057,morton,1
3058,correlation,1
3059,hum,1
3060,exp,1
3061,15:523–532,1
3062,wesselius,1
3063,bailey,1
3064,lipopolysaccharide,1
3065,129:106,1
3066,–114,1
3067,finkelstein,1
3068,fraser,1
3069,ghezzo,1
3070,emphysema,1
3071,152:1666,1
3072,–1672,1
3073,mccrea,1
3074,ka,1
3075,ensor,1
3076,nall,1
3077,150:696,1
3078,–703,1
3079,mills,1
3080,bmj,1
3081,307:911,1
3082,vruwink,1
3083,gershwin,1
3084,sachet,1
3085,modification,1
3086,ldl,1
3087,incubation,1
3088,copper,1
3089,ions,1
3090,implications,1
3091,allergies,1
3092,asthma,1
3093,atherosclerosis,1
3094,investig,1
3095,allergol,1
3096,6:294,1
3097,–300,1
3098,degawa,1
3099,stern,1
3100,mv,1
3101,carcinogen-dna,1
3102,adduct,1
3103,larynx,1
3104,54:4915–,1
3105,reed,1
3106,wergowske,1
3107,suicide,1
3108,honolulu,1
3109,155:695–700,1
3110,boffeta,1
3111,garfinkel,1
3112,drinking,1
3113,1:342–348,1
3114,jurkovich,1
3115,gj,1
3116,rivara,1
3117,fp,1
3118,gurney,1
3119,intoxication,1
3120,270:51–56,1
3121,krieger,1
3122,overcoming,1
3123,census-based,1
3124,methodology,1
3125,82:703–710,1
3126,collen,1
3127,mf,1
3128,ny,1
3129,john,1
3130,wiley,1
3131,sons,1
3132,153–189,1
3133,9th,1
3134,5th,1
3135,lake,1
3136,ut,1
3137,medicode,1
3138,inc.,1
3139,1:138,1
3140,tables,1
3141,stat,1
3142,34:187–202,1
3143,sas/stat,1
3144,enhancements,1
3145,6.12.,1
3146,871–948,1
3147,140:814,1
3148,152:965–971,1
3149,garber,1
3150,bg,1
3151,hebert,1
3152,yelle,1
3153,24:687–,1
3154,nakajima,1
3155,manabe,1
3156,niki,1
3157,smokeinduced,1
3158,salive,1
3159,ostfeld,1
3160,septicemia-associated,1
3161,rep,1
3162,108:447–,1
3163,kaul,1
3164,tk,1
3165,riggins,1
3166,cardiovasc,1
3167,39:777–781,1
3168,bridges,1
3169,chow,1
3170,ck,1
3171,rehm,1
3172,sr.,1
3173,micronutrient,1
3174,587:218,1
3175,–231,1
3176,meliska,1
3177,stunkard,1
3178,gilbert,1
3179,allergy,1
3180,95:901–910,1
3181,matsumoto,1
3182,aizawa,1
3183,inoue,1
3184,12:387–394,1
3185,roberts-thompson,1
3186,yvonschaiyud,1
3187,whittingham,1
3188,–370,1
3189,wayne,1
3190,rhyne,1
3191,garry,1
3192,cell-mediated,1
3193,gerontol,1
3194,m45–m48,1
3195,275:50,1
3196,–54,1
3197,liau,1
3198,hashim,1
3199,pierson,1
3200,rn,1
3201,alcohol-induced,1
3202,22:680,1
3203,spagnuolo,1
3204,macgregor,1
3205,components,1
3206,86:24,1
3207,hallengren,1
3208,forsgren,1
3209,adherence,1
3210,polymorphonuclear,1
3211,leukocytes,1
3212,acta,1
3213,scand,1
3214,204:43–,1
3215,articles,1
3216,cute,1
3217,espiratory,1
3218,istress,1
3219,yndrome,1
3220,lorraine,1
3221,michael,1
3222,m.d,1
3223,devastating,1
3224,affects,1
3225,"journal,1",1
3226,devised,1
3227,discusses,1
3228,perspective,1
3229,colleagues,1
3230,radiograph.2,1
3231,initially,1
3232,called,1
3233,"syndrome,3",1
3234,entity,1
3235,termed,1
3236,children,1
3237,controversy,1
3238,quantified,1
3239,four-point,1
3240,departments,1
3241,reprint,1
3242,requests,1
3243,cvri,1
3244,parnassus,1
3245,ave.,1
3246,94143-0130,1
3247,mmatt,1
3248,itsa.ucsf.edu,1
3249,©2000,1
3250,infiltration,1
3251,radiographs.4,1
3252,inciting,1
3253,quantify,1
3254,"usefulness.6,7",1
3255,2.5,1
3256,ventilation.8,1
3257,american–european,1
3258,.5,1
3259,facilitate,1
3260,apply,1
3261,simplicity,1
3262,disadvantage,1
3263,influence,1
3264,systems,1
3265,"assessed.6,7,9-11",1
3266,criterion,1
3267,sufficiently,1
3268,consistently,1
3269,"clinicians.12,13",1
3270,acceptance,1
3271,standardization,1
3272,recommend,1
3273,clinicians,1
3274,ica,1
3275,ashbaugh3,1
3276,al.4,1
3277,al.5,1
3278,congestion,1
3279,autopsy,1
3280,preexisting,1
3281,mild-to-moderate,1
3282,disadvantages,1
3283,4-point,1
3284,specifies,1
3285,consideration,1
3286,easy,1
3287,specify,1
3288,*pao2,1
3289,distinct,1
3290,histopathological,1
3291,feature,1
3292,indistinguishable,1
3293,edema.14,1
3294,patchy,1
3295,asymmetric,1
3296,filling,1
3297,consolidation,1
3298,".16,17",1
3299,nondependent,1
3300,inflammation.18,1
3301,"spaces,19",1
3302,disruption,1
3303,.20-22,1
3304,progresses,1
3305,dead,1
3306,"compliance.19,20",1
3307,owing,1
3308,obliteration,1
3309,pulmonarycapillary,1
3310,failure.23,1
3311,linear,1
3312,evolving,1
3313,"occur,24",1
3314,pressure.25,1
3315,bullae,1
3316,".19,21",1
3317,estimation,1
3318,hindered,1
3319,heterogeneity,1
3320,population.26,1
3321,"100,000.27-29",1
3322,considerably,1
3323,scandinavia,1
3324,17.9,1
3325,13.5,1
3326,42-year-old,1
3327,gram-negative,1
3328,60-year-old,1
3329,suggestive,1
3330,denser,1
3331,sparing,1
3332,arrows,1
3333,interlobular,1
3334,septa,1
3335,"finding.14,15",1
3336,ground-glass,1
3337,bulla,1
3338,hemithorax,1
3339,goodman16,1
3340,syndrome.30,1
3341,settle,1
3342,ta-,1
3343,¬90,1
3344,sepsis-associated,1
3345,trichrome,1
3346,staining,1
3347,reveals,1
3348,dark,1
3349,blue,1
3350,vacuolization,1
3351,en,1
3352,bm*,1
3353,typical,1
3354,containing,1
3355,immediately,1
3356,adjacent,1
3357,flattening,1
3358,supplied,1
3359,martha,1
3360,warnock,1
3361,weibel20,1
3362,thielen21,1
3363,ble,1
3364,".6,9,31-33",1
3365,"percent.31,33",1
3366,predisposing,1
3367,"risk,31",1
3368,"abuse,33,34",1
3369,"disease,33",1
3370,ph.33,1
3371,"percent.6,7,9,32,35-38",1
3372,"causes,6,7,9,10,36",1
3373,county,1
3374,1987.38,1
3375,kingdom,1
3376,1997.39,1
3377,emphasizes,1
3378,controls,1
3379,"age.6,7,10,30",1
3380,indexes,1
3381,lunginjury,1
3382,"less.6,7,30",1
3383,factor.8,1
3384,lung.40,1
3385,mild,1
3386,restriction,1
3387,diffusing,1
3388,monoxide,1
3389,exercise,1
3390,"asymptomatic.41,42",1
3391,fat,1
3392,emboli,1
3393,near-drowning,1
3394,inhalational,1
3395,embolectomy,1
3396,overdose,1
3397,"function.40,43",1
3398,pulmonary-disease–,1
3399,"life.40,44-46",1
3400,separate,1
3401,barrier.47,1
3402,"recognized.18,22,48",1
3403,"outcome.49,50",1
3404,composed,1
3405,types,1
3406,flat,1
3407,easily,1
3408,cuboidal,1
3409,remaining,1
3410,resistant,1
3411,functions,1
3412,ion,1
3413,much,1
3414,permeable,1
3415,barrier.48,1
3416,flooding,1
3417,disrupt,1
3418,impairing,1
3419,re-,1
3420,inactivated,1
3421,layer,1
3422,cellular,1
3423,debris,1
3424,migrating,1
3425,il-6,1
3426,il-10,1
3427,widened,1
3428,edematous,1
3429,swollen,1
3430,left-hand,1
3431,adhering,1
3432,marginating,1
3433,alveloar,1
3434,secreting,1
3435,act,1
3436,activate,1
3437,secrete,1
3438,molecules,1
3439,milieu,1
3440,inactivation,1
3441,moval,1
3442,"space.51,52",1
3443,turnover,1
3444,"surfactant,53",1
3445,fourth,1
3446,pneumonia.56,1
3447,disorganized,1
3448,insufficient,1
3449,fibrosis.57,1
3450,neutrophil-dependent,1
3451,circumstantial,1
3452,"neutrophils.20,22",1
3453,predominate,1
3454,"patients,18",1
3455,"neutrophil-dependent.58,59",1
3456,summarized,1
3457,question,1
3458,neutrophilic,1
3459,profound,1
3460,"neutropenia,60",1
3461,neutrophil-independent,1
3462,order,1
3463,increase.61,1
3464,largely,1
3465,compounds,1
3466,amplify,1
3467,pituitary,1
3468,syndrome.62,1
3469,override,1
3470,glucocorticoid-mediated,1
3471,inhibition,1
3472,pro1340,1
3473,duction,1
3474,endogenous,1
3475,inhibitors,1
3476,"11.18,59",1
3477,gained,1
3478,biologic,1
3479,"cytokines,47,63",1
3480,immunologic,1
3481,toxic,1
3482,fractions,1
3483,"oxygen,19",1
3484,injure,1
3485,"lung,64",1
3486,"lung65,66",1
3487,lung.67,1
3488,theories,1
3489,formulated,1
3490,cyclic,1
3491,coupled,1
3492,reopening,1
3493,cascade,1
3494,cytokines.68,1
3495,overdistend,1
3496,promoting,1
3497,inhibiting,1
3498,failure.68,1
3499,closure,1
3500,response.69,1
3501,propagate,1
3502,"injury.18,59",1
3503,coagulation,1
3504,platelet–fibrin,1
3505,thrombi,1
3506,fibrinolysis,1
3507,"lung.18,70",1
3508,"disorder.49,50,71",1
3509,fibrotic,1
3510,"disorder.19,20,22",1
3511,becomes,1
3512,mesenchymal,1
3513,.72,1
3514,"death,73",1
3515,autopsy.74,1
3516,apparently,1
3517,begins,1
3518,promoted,1
3519,"interleukin-1.75,76",1
3520,precursor,1
3521,synthesis,1
3522,"ventilation.47,77,78",1
3523,appearance,1
3524,"death.77,78",1
3525,ultimately,1
3526,attenuate,1
3527,resolved,1
3528,.79-83,1
3529,passively,1
3530,transcellular,1
3531,"cells.82,84",1
3532,"ventilation.49,50,71",1
3533,"survival.49,50",1
3534,quantity,1
3535,provide,1
3536,framework,1
3537,fibrous,1
3538,tissue.57,1
3539,transcytosis,1
3540,.85,1
3541,progenitor,1
3542,proliferate,1
3543,cover,1
3544,differentiate,1
3545,architec-,1
3546,ture,1
3547,fluid-transport,1
3548,epithelium.86,1
3549,hepatocyte,1
3550,programmed,1
3551,thought,1
3552,sites,1
3553,granulocyte–macrophage,1
3554,factor.87,1
3555,"patients,88",1
3556,promote,1
3557,epithelial-cell,1
3558,"apoptosis.89,90",1
3559,potentially,1
3560,alter,1
3561,proapoptotic,1
3562,"rate.38,39",1
3563,search,1
3564,treatable,1
3565,promptly,1
3566,antimicrobial,1
3567,uncontrolled,1
3568,"infection.36,37",1
3569,parenteral,1
3570,carry,1
3571,catheter-induced,1
3572,sepsis.91,1
3573,gastrointestinal,1
3574,thromboembolism,1
3575,important.92,1
3576,establishment,1
3577,hospitals,1
3578,infrastructure,1
3579,well-designed,1
3580,repopulation,1
3581,and8,1
3582,differentiation8,1
3583,gradual8,1
3584,resolution8,1
3585,diffusion8,1
3586,apoptotic8,1
3587,myofibroblast,1
3588,k+,1
3589,cl–,1
3590,alveolar8,1
3591,repopulated,1
3592,base,1
3593,transported,1
3594,channel,1
3595,basolateral,1
3596,pump,1
3597,cross,1
3598,cleared,1
3599,secondarily,1
3600,controversial,1
3601,historically,1
3602,comparatively,1
3603,"1970s,64",1
3604,welldefined,1
3605,differed,1
3606,patients104,1
3607,patients.105,1
3608,discrepant,1
3609,calculation,1
3610,ideal,1
3611,hypoventilation,1
3612,hypercapnia,1
3613,breaths,1
3614,bicarbonate,1
3615,conceivably,1
3616,power,1
3617,find,1
3618,optimal,1
3619,respi-,1
3620,kilogram.93,1
3621,failed,1
3622,.98,1
3623,patients.106,1
3624,0.5second,1
3625,pause,1
3626,inspiration,1
3627,exceed,1
3628,31.0,1
3629,p=0.007,1
3630,convincing,1
3631,al.94,1
3632,al.93,1
3633,al.95,1
3634,al.96,1
3635,al.97,1
3636,al.98,1
3637,al.99,1
3638,al.100,1
3639,al.101,1
3640,al.102,1
3641,al.103,1
3642,28-day,1
3643,al.104,1
3644,al.105,1
3645,network106,1
3646,ratory,1
3647,"reduced.3,107",1
3648,bestdocumented,1
3649,"capacity,107",1
3650,alveoli.108,1
3651,prevented,1
3652,"pressure,64",1
3653,successful.96,1
3654,syndrome.103,1
3655,raising,1
3656,adoption,1
3657,unusually,1
3658,injurious,1
3659,reliable,1
3660,measurement,1
3661,technically,1
3662,requires,1
3663,paralysis,1
3664,spite,1
3665,study106,1
3666,currently,1
3667,tested,1
3668,"ventilation,94,95,97,99-102",1
3669,rationale,1
3670,restricting,1
3671,animals,1
3672,"lowered.23,109",1
3673,hypothesis.110-112,1
3674,soon,1
3675,flu1344,1
3676,id,1
3677,restricted,1
3678,liberal,1
3679,carried,1
3680,await,1
3681,reasonable,1
3682,acid–base,1
3683,restoration,1
3684,end-organ,1
3685,normalize,1
3686,delivery.23,1
3687,supranormal,1
3688,"recommended.113,114",1
3689,surfactant-replacement,1
3690,neonatal,1
3691,"syndrome,115",1
3692,replacement,1
3693,survival.116,1
3694,aerosol,1
3695,reached,1
3696,spaces.117,1
3697,protein-free,1
3698,phospholipid,1
3699,newer,1
3700,contain,1
3701,recombinant,1
3702,potent,1
3703,vasodilator,1
3704,vasodilation,1
3705,"syndrome,118",1
3706,discouraging,1
3707,ventilation.119,1
3708,improvements,1
3709,sustained,1
3710,ventilation.120,1
3711,vere,1
3712,interrupt,1
3713,reflect,1
3714,complexity,1
3715,redundancy,1
3716,"injury11,18,59",1
3717,inability,1
3718,deliver,1
3719,enough,1
3720,"nitroprusside,121",1
3721,"hydralazine,122",1
3722,",123,124",1
3723,epoprostenol,1
3724,",125",1
3725,acceleration,1
3726,prompted,1
3727,course.126-128,1
3728,preliminary,1
3729,"studies129,130",1
3730,patients.131,1
3731,u.s.,1
3732,se-,1
3733,stimulated,1
3734,catecholamine-dependent,1
3735,catecholamine-independent,1
3736,"beta-agonists.79-83,133-135",1
3737,appealing,1
3738,candidates,1
3739,wide,1
3740,patients.136,1
3741,exert,1
3742,helping,1
3743,"lung.137,138",1
3744,denudation,1
3745,"epithelium,22,139",1
3746,hastening,1
3747,alve-,1
3748,al.126,1
3749,al.127,1
3750,al.124,1
3751,al.123,1
3752,al.116,1
3753,procysteine,1
3754,lisofylline,1
3755,2–3,1
3756,al.131,1
3757,al.119,1
3758,al.120,1
3759,network132*,1
3760,*nih,1
3761,olar,1
3762,"injury,140,141",1
3763,fluid142,1
3764,inducing,1
3765,antioxidant,1
3766,"effects,143",1
3767,"injury.144,145",1
3768,raise,1
3769,epithelium-specific,1
3770,directed,1
3771,evaluation.146,1
3772,recognized,1
3773,avenues,1
3774,lagged,1
3775,behind,1
3776,basic,1
3777,percent.106,1
3778,kollef,1
3779,332:27-37,1
3780,levine,1
3781,2:319-23,1
3782,influencing,1
3783,60:233-9,1
3784,flick,1
3785,mr.,1
3786,720-3,1
3787,139:1065,1
3788,149:818-24,1
3789,152:1818-24,1
3790,zilberberg,1
3791,epstein,1
3792,sk,1
3793,comorbid,1
3794,etiology,1
3795,157:1159-64,1
3796,heffner,1
3797,barbieri,1
3798,harpel,1
3799,ks,1
3800,deleo,1
3801,152:1518-26,1
3802,sloane,1
3803,gee,1
3804,gottlieb,1
3805,registry,1
3806,146:419-26,1
3807,monchi,1
3808,bellenfant,1
3809,cariou,1
3810,158:1076-81,1
3811,dinarello,1
3812,reevaluation,1
3813,28:2325,1
3814,gd,1
3815,granton,1
3816,in-,1
3817,terobserver,1
3818,116:1347-53,1
3819,variation,1
3820,interpreting,1
3821,161:85-90,1
3822,aberle,1
3823,168:73-9,1
3824,852-8,1
3825,goodman,1
3826,lr,1
3827,congestive,1
3828,insights,1
3829,radiol,1
3830,north,1
3831,34:33-46,1
3832,structure,1
3833,271:1772-9,1
3834,mackersie,1
3835,155:1187-205,1
3836,pratt,1
3837,vollmer,1
3838,shelburne,1
3839,morphology,1
3840,multihospital,1
3841,collaborative,1
3842,i.,1
3843,95:191-214,1
3844,parenchyma,1
3845,3:35-56,1
3846,thielen,1
3847,correlative,1
3848,transmission,1
3849,ultrastruct,1
3850,16:615-28,1
3851,apparatus,1
3852,septicemia,1
3853,116:589-615,1
3854,15:271-88,1
3855,schnapp,1
3856,lm,1
3857,23:272-8,1
3858,weg,1
3859,leaks,1
3860,338:341-6,1
3861,1071-8,1
3862,webster,1
3863,nr,1
3864,cohen,1
3865,nunn,1
3866,uk,1
3867,anaesthesia,1
3868,43:923-6,1
3869,140:814-6,1
3870,965-71,1
3871,luhr,1
3872,antonsen,1
3873,sweden,1
3874,denmark,1
3875,iceland,1
3876,159:184961,1
3877,124-30,1
3878,593-7,1
3879,33.,1
3880,151:293-301,1
3881,34.,1
3882,275:50-4,1
3883,35.,1
3884,elliot,1
3885,weaver,1
3886,101:1074-9,1
3887,36.,1
3888,132:485-9,1
3889,37.,1
3890,bell,1
3891,coalson,1
3892,johanson,1
3893,wg,1
3894,99:293-8,1
3895,38.,1
3896,1983-1993.,1
3897,273:306-9,1
3898,39.,1
3899,sjc,1
3900,morgan,1
3901,evans,1
3902,tw,1
3903,53:292-4,1
3904,40.,1
3905,mchugh,1
3906,whitcomb,1
3907,schoene,1
3908,150:90-4,1
3909,41.,1
3910,ghio,1
3911,berlin,1
3912,sl,1
3913,thoracic,1
3914,recommendations,1
3915,139:115862,1
3916,140:862,1
3917,42.,1
3918,rasmusson,1
3919,135:634-8,1
3920,43.,1
3921,predicting,1
3922,respiration,1
3923,60:103-8,1
3924,44.,1
3925,weinert,1
3926,kangas,1
3927,bury,1
3928,marinelli,1
3929,156:1120-8,1
3930,45.,1
3931,schelling,1
3932,stoll,1
3933,haller,1
3934,posttraumatic,1
3935,26:651-9,1
3936,46.,1
3937,davidson,1
3938,ta,1
3939,curtis,1
3940,281:354-60,1
3941,47.,1
3942,verghese,1
3943,widmer,1
3944,m-c,1
3945,site,1
3946,intense,1
3947,profibrotic,1
3948,reactions,1
3949,27:30412,1
3950,48.,1
3951,sheep,1
3952,escherichia,1
3953,coli,1
3954,88:864-75,1
3955,49.,1
3956,maximal,1
3957,excellent,1
3958,50.,1
3959,142:1250-7,1
3960,51.,1
3961,modelska,1
3962,acid-induced,1
3963,anti-interleukin-8,1
3964,pretreatment,1
3965,rabbits,1
3966,160:1450-6,1
3967,52.,1
3968,160:1441-2,1
3969,53.,1
3970,greene,1
3971,ke,1
3972,serial,1
3973,surfactant-associated,1
3974,160:1843-50,1
3975,54.,1
3976,lewis,1
3977,jobe,1
3978,147:218-33,1
3979,147:1068,1
3980,55.,1
3981,gregory,1
3982,longmore,1
3983,moxley,1
3984,chemical,1
3985,88:1976-81,1
3986,56.,1
3987,kurahashi,1
3988,kajikawa,1
3989,sawa,1
3990,104:743-50,1
3991,57.,1
3992,bitterman,1
3993,pb,1
3994,92:39s-43s,1
3995,58.,1
3996,prescott,1
3997,mcintyre,1
3998,tm,1
3999,usual,1
4000,suspects,1
4001,implicated,1
4002,104:1019-20,1
4003,59.,1
4004,suppl:119s-126s,1
4005,60.,1
4006,laufe,1
4007,simon,1
4008,flint,1
4009,keller,1
4010,neutropenic,1
4011,80:1022-6,1
4012,61.,1
4013,belknap,1
4014,carlson,1
4015,filgrastim,1
4016,adjunct,1
4017,community-acquired,1
4018,1075-80,1
4019,62.,1
4020,donnelly,1
4021,haslett,1
4022,reid,1
4023,nat,1
4024,3:320-3,1
4025,63.,1
4026,ricou,1
4027,prominent,1
4028,1850-6,1
4029,64.,1
4030,hh,1
4031,tierney,1
4032,intermittent,1
4033,556-65,1
4034,65.,1
4035,dreyfuss,1
4036,soler,1
4037,basset,1
4038,saumon,1
4039,respective,1
4040,1159-64,1
4041,66.,1
4042,parker,1
4043,townsley,1
4044,mi,1
4045,rippe,1
4046,ae,1
4047,thigpen,1
4048,dog,1
4049,57:1809-16,1
4050,67.,1
4051,corbridge,1
4052,tc,1
4053,crawford,1
4054,gp,1
4055,chudoba,1
4056,yanos,1
4057,142:311-5,1
4058,68.,1
4059,tremblay,1
4060,ln,1
4061,1721-5,1
4062,69.,1
4063,ranieri,1
4064,vm,1
4065,tortorella,1
4066,282:5461,1
4067,70.,1
4068,gunther,1
4069,mosavi,1
4070,heinemann,1
4071,procoagulant,1
4072,depressed,1
4073,fibrinolytic,1
4074,capacities,1
4075,161:454-62,1
4076,71.,1
4077,finkbeiner,1
4078,159:980-8,1
4079,72.,1
4080,fukuda,1
4081,ishizaki,1
4082,masuda,1
4083,kimura,1
4084,kawanami,1
4085,masugi,1
4086,y.,1
4087,171-82,1
4088,73.,1
4089,payan,1
4090,saux,1
4091,gouin,1
4092,107:196-200,1
4093,74.,1
4094,trelstad,1
4095,coffey,1
4096,tsai,1
4097,salvador,1
4098,547-54,1
4099,75.,1
4100,menard,1
4101,vaillant,1
4102,vignaud,1
4103,18:127-39,1
4104,76.,1
4105,lindroos,1
4106,coin,1
4107,pg,1
4108,osornio-vargas,1
4109,ar,1
4110,bonner,1
4111,interleukin1b,1
4112,il-1b,1
4113,il-1b-alpha,1
4114,2-macroglobulin,1
4115,upregulate,1
4116,platelet-derived,1
4117,alpha-receptor,1
4118,13:455-65,1
4119,77.,1
4120,122:17-23,1
4121,78.,1
4122,chesnutt,1
4123,tibayan,1
4124,156:840-5,1
4125,79.,1
4126,matalon,1
4127,benos,1
4128,jackson,1
4129,amiloride-inhibitable,1
4130,l1-l22,1
4131,80.,1
4132,wendt,1
4133,ch,1
4134,crandall,1
4135,k-atpase,1
4136,biology,1
4137,marcel,1
4138,dekker,1
4139,1999:477-99,1
4140,81.,1
4141,jiang,1
4142,grady,1
4143,adrenergic,1
4144,stimulation,1
4145,involves,1
4146,cl¡,1
4147,c1610-c1620,1
4148,82.,1
4149,epithelia,1
4150,l487-l503,1
4151,83.,1
4152,widdicombe,1
4153,jh,1
4154,absorption,1
4155,l231-l232,1
4156,84.,1
4157,carter,1
4158,ep,1
4159,allen,1
4160,water-permeable,1
4161,confer,1
4162,airspace,1
4163,proc,1
4164,natl,1
4165,95:2991-6,1
4166,85.,1
4167,westrom,1
4168,br,1
4169,kim,1
4170,bw,1
4171,hastings,1
4172,80:1431-5,1
4173,86.,1
4174,nitenberg,1
4175,oliver,1
4176,subacute,1
4177,bleomycin,1
4178,l478l490,1
4179,87.,1
4180,radella,1
4181,156:1969-77,1
4182,88.,1
4183,geiser,1
4184,nuckton,1
4185,89.,1
4186,fas,1
4187,ligand,1
4188,163:2217-25,1
4189,90.,1
4190,hasimoto,1
4191,kobayashi,1
4192,kooguchi,1
4193,kitamura,1
4194,onodera,1
4195,na-,1
4196,kajima,1
4197,perforin/granzyme,1
4198,fasl/fas,1
4199,161:237-43,1
4200,91.,1
4201,heyland,1
4202,dk,1
4203,435-42,1
4204,92.,1
4205,105:515-23,1
4206,93.,1
4207,snider,1
4208,242:2193-6,1
4209,94.,1
4210,downs,1
4211,civetta,1
4212,156-63,1
4213,95.,1
4214,gc,1
4215,howland,1
4216,ray,1
4217,miodownik,1
4218,griffin,1
4219,groeger,1
4220,84:551-9,1
4221,96.,1
4222,respiratory-distress,1
4223,311:281-6,1
4224,97.,1
4225,guerot,1
4226,lorino,1
4227,lemaire,1
4228,volume-controlled,1
4229,983-91,1
4230,98.,1
4231,menlove,1
4232,co2,1
4233,149:295-305,1
4234,99.,1
4235,pranikoff,1
4236,wise,1
4237,275:383-9,1
4238,100.,1
4239,farmer,1
4240,westerman,1
4241,25:937-47,1
4242,101.,1
4243,martling,1
4244,c-r,1
4245,lindahl,1
4246,sge,1
4247,dramatic,1
4248,25:1539-44,1
4249,102.,1
4250,161:360-8,1
4251,103.,1
4252,mbp,1
4253,barbas,1
4254,csv,1
4255,medeiros,1
4256,protectiveventilation,1
4257,338:347-54,1
4258,104.,1
4259,te,1
4260,338:355-61,1
4261,105.,1
4262,roudot-thoraval,1
4263,158:1831-8,1
4264,106.,1
4265,342:1301-8,1
4266,107.,1
4267,pontoppidan,1
4268,kumar,1
4269,leith,1
4270,geffin,1
4271,laver,1
4272,mb,1
4273,51:2315-23,1
4274,108.,1
4275,presenti,1
4276,density,1
4277,69:824-32,1
4278,109.,1
4279,mccarthy,1
4280,dogs,1
4281,oncotic,1
4282,67:409-18,1
4283,110.,1
4284,simmons,1
4285,berdine,1
4286,gg,1
4287,seidenfeld,1
4288,135:9249,1
4289,111.,1
4290,humphrey,1
4291,hall,1
4292,silverstein,1
4293,97:1176-80,1
4294,112.,1
4295,mitchell,1
4296,schuller,1
4297,calandrino,1
4298,fs,1
4299,145:990-8,1
4300,113.,1
4301,yu,1
4302,levy,1
4303,takiguchi,1
4304,miyasaki,1
4305,myers,1
4306,maximizing,1
4307,21:830-8,1
4308,114.,1
4309,hayes,1
4310,timmins,1
4311,ac,1
4312,yau,1
4313,ehs,1
4314,palazzo,1
4315,hinds,1
4316,watson,1
4317,elevation,1
4318,330:1717-22,1
4319,115.,1
4320,sundell,1
4321,schumacher,1
4322,volberg,1
4323,guthrie,1
4324,doses,1
4325,bronchopulmonary,1
4326,dysplasia,1
4327,700-,1
4328,1350gram,1
4329,pediatr,1
4330,118:595605,1
4331,116.,1
4332,334:1417-21,1
4333,117.,1
4334,fulkerson,1
4335,macintyre,1
4336,stamler,1
4337,156:29-38,1
4338,118.,1
4339,rossaint,1
4340,lópez,1
4341,slama,1
4342,pison,1
4343,328:399-405,1
4344,119.,1
4345,26:15-23,1
4346,120.,1
4347,vallet,1
4348,genoa,1
4349,multicentric,1
4350,placebo-controlled,1
4351,121.,1
4352,shunt,1
4353,oleic,1
4354,55:537-41,1
4355,122.,1
4356,bishop,1
4357,kennard,1
4358,artman,1
4359,cheney,1
4360,fw,1
4361,hydralazine,1
4362,hypoxic,1
4363,vasoconstriction,1
4364,128:998-1001,1
4365,123.,1
4366,fletcher,1
4367,tlc,1
4368,c-53,1
4369,1478-85,1
4370,124.,1
4371,slotman,1
4372,double-blinded,1
4373,96:114-9,1
4374,125.,1
4375,radermacher,1
4376,santak,1
4377,wust,1
4378,hj,1
4379,tarnow,1
4380,ventilationperfusion,1
4381,distributions,1
4382,72:238-44,1
4383,126.,1
4384,317:1565-70,1
4385,127.,1
4386,turner,1
4387,metz,1
4388,ineffectiveness,1
4389,preventing,1
4390,parenchymal,1
4391,136:62-8,1
4392,128.,1
4393,caralis,1
4394,pv,1
4395,marcial,1
4396,eh,1
4397,311:1137-43,1
4398,129.,1
4399,belenchia,1
4400,estes,1
4401,wunderink,1
4402,rg,1
4403,el,1
4404,torky,1
4405,fibroproliferative,1
4406,100:943-52,1
4407,130.,1
4408,chinn,1
4409,corticosteroid,1
4410,fibroproliferation,1
4411,105:1516-27,1
4412,131.,1
4413,headley,1
4414,unresolving,1
4415,280:159-65,1
4416,132.,1
4417,283:19952002,1
4418,133.,1
4419,lasnier,1
4420,wangensteen,1
4421,od,1
4422,schmitz,1
4423,terbutaline,1
4424,81:1723-9,1
4425,134.,1
4426,garat,1
4427,meignan,1
4428,luo,1
4429,c.,1
4430,111:1381-8,1
4431,135.,1
4432,saldias,1
4433,comellas,1
4434,ridge,1
4435,km,1
4436,lecuona,1
4437,isoproterenol,1
4438,exposed,1
4439,hyperoxia,1
4440,87:30-5,1
4441,136.,1
4442,carmichael,1
4443,bronchodilators,1
4444,106:1517-23,1
4445,137.,1
4446,barnard,1
4447,seibert,1
4448,af,1
4449,prasad,1
4450,vr,1
4451,reversal,1
4452,ischemia-reperfusion,1
4453,rolipram,1
4454,phosphodiesterase,1
4455,inhibitor,1
4456,77:774-81,1
4457,138.,1
4458,masclans,1
4459,barbera,1
4460,macnee,1
4461,salbutamol,1
4462,154:529-32.,1
4463,139.,1
4464,newman,1
4465,cell-specific,1
4466,biochemical,1
4467,marker,1
4468,161:990-5,1
4469,140.,1
4470,bak,1
4471,rubin,1
4472,intratracheal,1
4473,decreases,1
4474,hyperoxia-induced,1
4475,96:2026-33,1
4476,141.,1
4477,yano,1
4478,deterding,1
4479,shannon,1
4480,mason,1
4481,15:433-42,1
4482,142.,1
4483,upregulated,1
4484,beta-agonist,1
4485,87:1852-60,1
4486,143.,1
4487,waters,1
4488,prevents,1
4489,hydrogen,1
4490,peroxideinduced,1
4491,l681-l689,1
4492,144.,1
4493,viget,1
4494,guery,1
4495,neviere,1
4496,kgf°,1
4497,llc,1
4498,pa,1
4499,145.,1
4500,gillis,1
4501,volpert,1
4502,ov,1
4503,angiogenesis,1
4504,112:2049-57,1
4505,146.,1
4506,berthiaume,1
4507,lesur,1
4508,dagenais,1
4509,plea,1
4510,54:150-60.,1
4511,bennet,1
4512,leonard,1
4513,gordon,1
4514,msc,1
4515,ellen,1
4516,kenneth,1
4517,plateauing,1
4518,mid-1990s,1
4519,entirely,1
4520,128:525–532,1
4521,ashw,1
4522,hen,1
4523,baugh,1
4524,approached,1
4525,1980s.2–,1
4526,al5,1
4527,*from,1
4528,washington,1
4529,specialized,1
4530,grant,1
4531,hl-30542,1
4532,www.chestjournal,1
4533,org/misc/reprints.shtml,1
4534,ave,1
4535,rstaplet,1
4536,u.washington.edu,1
4537,al6,1
4538,1997.,1
4539,editorial,1
4540,comment,1
4541,page,1
4542,study4,1
4543,began,1
4544,studchest,1
4545,"ies7,8",1
4546,accounts,1
4547,concurrently,1
4548,fall,1
4549,studies9,1
4550,–11,1
4551,gaining,1
4552,insight,1
4553,targets,1
4554,longitudinal,1
4555,"reported,12",1
4556,via,1
4557,daily,1
4558,surveillance,1
4559,pao2/,1
4560,quadrants,1
4561,obvious,1
4562,"findings.5,13",1
4563,personnel,1
4564,relied,1
4565,"score,14",1
4566,",15",1
4567,drowning,1
4568,massive,1
4569,transfusion,1
4570,factors.13,1
4571,followed,1
4572,1983.,1
4573,k.p.s.,1
4574,b.m.w.,1
4575,r.d.s.,1
4576,15-month,1
4577,call,1
4578,r.d.s,1
4579,spacing,1
4580,confounded,1
4581,results.16,1
4582,adequately,1
4583,milliliters,1
4584,retrieved,1
4585,resulted,1
4586,grading,1
4587,rigorous,1
4588,inspection,1
4589,notes,1
4590,require,1
4591,proven,1
4592,combination,1
4593,measures,1
4594,determined,1
4595,locating,1
4596,intention,1
4597,discontinue,1
4598,withdraw,1
4599,grim,1
4600,thereby,1
4601,combined,1
4602,achieved,1
4603,unassisted,1
4604,extubated,1
4605,pressure-support,1
4606,mode,1
4607,0.4,1
4608,continuation,1
4609,t-piece,1
4610,neurologic,1
4611,devastation,1
4612,perforation,1
4613,operatively,1
4614,repaired,1
4615,subsequently,1
4616,illness/injury,1
4617,1—definitions,1
4618,dysfunction*,1
4619,system/clinical,1
4620,deteterious,1
4621,category,1
4622,infection/inflammation,1
4623,35°c,1
4624,39°c,1
4625,"3,000/␮l",1
4626,"12,000/␮l",1
4627,bands,1
4628,pathogen,1
4629,strongly,1
4630,pathogens,1
4631,anion,1
4632,resistance,1
4633,dyne,1
4634,cm⫺5,1
4635,bilobar,1
4636,bronchopleural,1
4637,fistula,1
4638,documented,1
4639,high-probability,1
4640,ventilation/perfusion,1
4641,angiogram,1
4642,output,1
4643,l/min/m2,1
4644,fibrillation,1
4645,asystole,1
4646,glasgow,1
4647,coma,1
4648,fibrinogen,1
4649,"60,000/␮l",1
4650,necessitating,1
4651,bilirubin,1
4652,albumin,1
4653,resectable,1
4654,hemodialysis,1
4655,fio21.0,1
4656,arrhythmia,1
4657,meets,1
4658,brain,1
4659,apnea,1
4660,sseps,1
4661,ongoing,1
4662,surgically,1
4663,correctable,1
4664,uncontrollable,1
4665,nonmicrovascular,1
4666,encephalopathy,1
4667,hepatorenal,1
4668,inoperable,1
4669,hyperkalemia,1
4670,hypercalcemia,1
4671,*ssep,1
4672,somatosensory-evoked,1
4673,embolism,1
4674,burn,1
4675,weeks,1
4676,medians,1
4677,ranges,1
4678,summarize,1
4679,normally,1
4680,comparisons,1
4681,␹2,1
4682,cochranarmitage,1
4683,signed-rank,1
4684,stata,1
4685,statacorp,1
4686,station,1
4687,1982.,1
4688,long-term,1
4689,weaned,1
4690,alive,1
4691,2—characteristics,1
4692,patients*,1
4693,gender‡,1
4694,trauma/sepsis,1
4695,‡,1
4696,score†,1
4697,†,1
4698,17–86,1
4699,41/22,1
4700,4–84,1
4701,26/43,1
4702,7–84,1
4703,28/40,1
4704,1–86,1
4705,27/20,1
4706,0.41,1
4707,10–43,1
4708,8–42,1
4709,0–54,1
4710,7–42,1
4711,8–43,1
4712,4–46,1
4713,4–51,1
4714,0.66,1
4715,‡cochran-armitage,1
4716,syndrome/mof,1
4717,responsible,1
4718,though,1
4719,twenty-nine,1
4720,1991–1998,1
4721,mid-1900s,1
4722,3—causes,1
4723,0.95,1
4724,0.12,1
4725,0.69,1
4726,0.96,1
4727,0.68,1
4728,*cochran-armitage,1
4729,0.38,1
4730,neither,1
4731,uniformity,1
4732,permits,1
4733,examining,1
4734,cochrane-armitage,1
4735,"mortality.13,17,18",1
4736,reconfirms,1
4737,patients.4,1
4738,occurs,1
4739,49.0,1
4740,43.0,1
4741,luce.9,1
4742,identically,1
4743,ruling,1
4744,doubt,1
4745,studies19,1
4746,–21,1
4747,aggressiveness,1
4748,do-not-resuscitate,1
4749,orders,1
4750,attempts,1
4751,—timing,1
4752,support*,1
4753,value†,1
4754,2.0–24.0,1
4755,4.5–23.0,1
4756,8.0,1
4757,2.0–17.0,1
4758,2.6–17.3,1
4759,2.7–17.4,1
4760,9.6,1
4761,1.8–17.3,1
4762,2.4–13.9,1
4763,2.4–14.8,1
4764,6.2,1
4765,2.3–12.6,1
4766,2.7–14.0,1
4767,2.4–13.0,1
4768,4.8–15.5,1
4769,0.15,1
4770,0.78,1
4771,interquartile,1
4772,probable,1
4773,initiating,1
4774,discussions,1
4775,families,1
4776,limitations,1
4777,subjective,1
4778,reliably,1
4779,assigned,1
4780,makes,1
4781,ards.22,1
4782,describes,1
4783,utilized,1
4784,predates,1
4785,physicians/society,1
4786,defining,1
4787,sepsis.23,1
4788,reflective,1
4789,consistency,1
4790,greatly,1
4791,simply,1
4792,regional,1
4793,referral,1
4794,techniques,1
4795,biases,1
4796,absolutely,1
4797,awareness,1
4798,al7,1
4799,dissimilarity,1
4800,populations,1
4801,contrary,1
4802,vincent8,1
4803,syndrome/,1
4804,akin,1
4805,al.7,1
4806,aggressive,1
4807,antibiotic,1
4808,nutritional,1
4809,support.24,1
4810,–27,1
4811,trial16,1
4812,study28,1
4813,1994-to-1999,1
4814,1987-to-1990,1
4815,specifically.28,1
4816,unable,1
4817,fatalities,1
4818,variety,1
4819,interactions,1
4820,survival.29,1
4821,"trial,16",1
4822,oxygenation.16,1
4823,unselected,1
4824,2:319,1
4825,–323,1
4826,98:593–597,1
4827,baumann,1
4828,koss,1
4829,metropolitan,1
4830,14:1–,1
4831,132:485–,1
4832,1983–1993,1
4833,273:306,1
4834,–309,1
4835,53:292–294,1
4836,101:1074,1
4837,–1079,1
4838,vincent,1
4839,10:1297–,1
4840,withholding,1
4841,ill.,1
4842,155:15–20,1
4843,claessens,1
4844,survey,1
4845,158:1163–1167,1
4846,mclean,1
4847,tarshis,1
4848,mazer,1
4849,cd,1
4850,28:100,1
4851,–103,1
4852,mannino,1
4853,multiple-cause,1
4854,–1996,1
4855,30:1679,1
4856,–1685,1
4857,151:293–301,1
4858,draper,1
4859,ea,1
4860,wagner,1
4861,13:818,1
4862,baker,1
4863,‘,1
4864,neill,1
4865,haddon,1
4866,describing,1
4867,injuries,1
4868,evaluating,1
4869,emergency,1
4870,14:187–196,1
4871,342:1301–1308,1
4872,111:1334,1
4873,–1339,1
4874,ely,1
4875,ew,1
4876,wheeler,1
4877,136:25–36,1
4878,danis,1
4879,southerland,1
4880,li,1
4881,garrett,1
4882,324:882–,1
4883,schneiderman,1
4884,kronick,1
4885,kaplan,1
4886,offering,1
4887,costs,1
4888,117:599,1
4889,teno,1
4890,lynn,1
4891,phillips,1
4892,formal,1
4893,decisions,1
4894,resources,1
4895,seriously,1
4896,prognoses,1
4897,preferences,1
4898,5:23–30,1
4899,149:818,1
4900,cerra,1
4901,fb,1
4902,guidelines,1
4903,innovative,1
4904,accp/sccm,1
4905,101:1644,1
4906,–1655,1
4907,sutherland,1
4908,kr,1
4909,152:550,1
4910,–556,1
4911,107:1721–1726,1
4912,reeve,1
4913,bk,1
4914,discordant,1
4915,metaanalyses,1
4916,275:308,1
4917,–314,1
4918,108:79s–,1
4919,face,1
4920,124:1871–1879,1
4921,26:15–23,1
4922,lundin,1
4923,mang,1
4924,smithies,1
4925,multicentre,1
4926,25:911–919,1
4927,croce,1
4928,gore,1
4929,165:781–787,1
4930,"lomar1,2",1
4931,"vidal2,3",1
4932,frederico,1
4933,lomar1,1
4934,carmen,1
4935,valente,1
4936,barbas1,1
4937,gustavo,1
4938,janot,1
4939,matos1,1
4940,marcos,1
4941,boulos3,1
4942,teaching,1
4943,israelit,1
4944,hospital1,1
4945,emílio,1
4946,ribas,1
4947,institute2,1
4948,paulo3,1
4949,rarely,1
4950,vivax-related,1
4951,beginning,1
4952,malariaendemic,1
4953,assay,1
4954,protein2,1
4955,antiplasmodial,1
4956,conclude,1
4957,malaria-associated,1
4958,increasingly,1
4959,parts,1
4960,"1,2",1
4961,eradicated,1
4962,making,1
4963,"3,4",1
4964,.classically,1
4965,hypoglycemia,1
4966,nervous,1
4967,asia,1
4968,south,1
4969,america,1
4970,rare,1
4971,revised,1
4972,lomar,1
4973,av,1
4974,sala,1
4975,zip,1
4976,05651-901,1
4977,telephone,1
4978,55-11-37425467.,1
4979,fax,1
4980,55-11-37473534.,1
4981,andre,1
4982,lomar.med.br,1
4983,:425-430,1
4984,contexto,1
4985,publishing,1
4986,prostration,1
4987,myalgia,1
4988,headache,1
4989,fatigue,1
4990,complained,1
4991,oriented,1
4992,alert,1
4993,talk,1
4994,coherently,1
4995,lived,1
4996,capital,1
4997,amazonia,1
4998,middle,1
4999,traveled,1
5000,santos,1
5001,coast,1
5002,limits,1
5003,visited,1
5004,37.9oc,1
5005,81/64,1
5006,beats,1
5007,room,1
5008,sounds,1
5009,palpable,1
5010,costal,1
5011,margin,1
5012,unremarkable,1
5013,hemoglobin,1
5014,12.4,1
5015,hematocrit,1
5016,37.2,1
5017,"3,400/ml",1
5018,lymphocytes,1
5019,platelet,1
5020,"65,000/mm3",1
5021,0.7,1
5022,electrolytes,1
5023,enzymes,1
5024,ultrasonography,1
5025,forty-eight,1
5026,dry,1
5027,cough,1
5028,desaturation,1
5029,oximetry,1
5030,infusion,1
5031,overload,1
5032,venturi,1
5033,mask,1
5034,figures,1
5035,fio2/pao2,1
5036,80/45,1
5037,mmhg,1
5038,noradrenaline,1
5039,ceftriaxone,1
5040,cefepime,1
5041,bid,1
5042,levofloxacin,1
5043,mg,1
5044,qd,1
5045,echocardiogram,1
5046,thrombocytopenia,1
5047,"17,000/mm3",1
5048,maneuvers,1
5049,guided,1
5050,next,1
5051,thin,1
5052,smear,1
5053,revealed,1
5054,sucen,1
5055,superintendência,1
5056,controle,1
5057,endemias,1
5058,estado,1
5059,coinfection,1
5060,laboratories,1
5061,proteins-2,1
5062,arteemether,1
5063,primaquine,1
5064,became,1
5065,undetectable,1
5066,hr,1
5067,reductions,1
5068,aspirates,1
5069,influenza,1
5070,exam,1
5071,syncytial,1
5072,immunofluorescence,1
5073,cultures,1
5074,antigenemia,1
5075,chlamydia,1
5076,igg,1
5077,mycoplasma,1
5078,legionella,1
5079,spp,1
5080,dengue,1
5081,electronic,1
5082,databases,1
5083,medline,1
5084,library,1
5085,usa,1
5086,manually,1
5087,searching,1
5088,journals,1
5089,6-15,1
5090,evolution,1
5091,social,1
5092,geographic,1
5093,lethal,1
5094,manifestation,1
5095,jaundice,1
5096,sporadically,1
5097,"6-15,17,18",1
5098,syndromes,1
5099,"8,10",1
5100,posteroanterior,1
5101,lateral,1
5102,poorly-defined,1
5103,heterogeneous,1
5104,densification,1
5105,basal,1
5106,slight,1
5107,blunting,1
5108,costophrenic,1
5109,angle,1
5110,compatible,1
5111,computerized,1
5112,depicts,1
5113,note,1
5114,arf,1
5115,ali,1
5116,imv,1
5117,"7,14,15",1
5118,"6,8,12",1
5119,under-diagnosed,1
5120,clinically,1
5121,compromised,1
5122,researchers,1
5123,follow,1
5124,synergy,1
5125,physical,1
5126,parasitized,1
5127,sequester,1
5128,microcirculation,1
5129,rosetting,1
5130,"6,8,12-15",1
5131,obtaining,1
5132,incorrectly,1
5133,"6,8,15",1
5134,"7,9,11-15",1
5135,parasites,1
5136,nonimmune,1
5137,malarial,1
5138,eight,1
5139,post-treatment,1
5140,necessarily,1
5141,co-infection,1
5142,parasitological,1
5143,tools,1
5144,justify,1
5145,"7,12,14,15",1
5146,"13,15",1
5147,"1,784",1
5148,trophozoites/mm3,1
5149,reinforcing,1
5150,technologies,1
5151,confirmation,1
5152,assays,1
5153,antigens,1
5154,parasite-specific,1
5155,lactate,1
5156,dehydrogenase,1
5157,usefulness,1
5158,nonfalciparum,1
5159,misdiagnosed,1
5160,mixed,1
5161,"6,7,11-13,15",1
5162,al.,1
5163,raised,1
5164,doxycycline,1
5165,malaria-endemic,1
5166,attenuating,1
5167,diminishing,1
5168,drugs,1
5169,corticotherapy,1
5170,diagnosed,1
5171,antimalarial,1
5172,always,1
5173,george,1
5174,schulte,1
5175,connie,1
5176,nadler,1
5177,marcelo,1
5178,funari,1
5179,radiological,1
5180,vidal,1
5181,coordenação,1
5182,aperfeiçoamento,1
5183,pessoal,1
5184,nível,1
5185,superior,1
5186,capes,1
5187,ministério,1
5188,da,1
5189,educação,1
5190,001/0700/000186/2003,1
5191,bremen,1
5192,ears,1
5193,hippopotamus,1
5194,determinants,1
5195,burden,1
5196,1-2,1
5197,:1-11,1
5198,fairhurst,1
5199,r.m.,1
5200,wellems,1
5201,t.e,1
5202,g.l.,1
5203,j.e.,1
5204,dolin,1
5205,sixth,1
5206,edition,1
5207,philadelphia,1
5208,elsevier,1
5209,churchill,1
5210,livingstone,1
5211,2005:3121-44,1
5212,greenwood,1
5213,mutabingwa,1
5214,2002.,1
5215,415:670-2,1
5216,maitland,1
5217,bejon,1
5218,newton,1
5219,c.r,1
5220,curr,1
5221,opin,1
5222,16:389-95,1
5223,:1-90,1
5224,ya,1
5225,ry,1
5226,104:1294-6,1
5227,islam,1
5228,qamruddink,1
5229,unusual,1
5230,geogr,1
5231,47:141-3,1
5232,torres,1
5233,postigo,1
5234,m.m.,1
5235,silva,1
5236,350:31-2.,1
5237,munteis,1
5238,melliborsky,1
5239,marques,1
5240,letter,1
5241,111:834-5,1
5242,pukrittayakamee,1
5243,chantra,1
5244,vanijanonta,1
5245,n.j.,1
5246,92:421-2,1
5247,perren,1
5248,beretta,1
5249,schubarth,1
5250,schweiz,1
5251,wochenschr,1
5252,128:1020-3,1
5253,kalmar,1
5254,e.m.,1
5255,cassetari,1
5256,machado,1
5257,f.r.,1
5258,grave,1
5259,em,1
5260,paciente,1
5261,com,1
5262,infecção,1
5263,por,1
5264,relato,1
5265,caso,1
5266,bras,1
5267,curlin,1
5268,barat,1
5269,l.m.,1
5270,walsh,1
5271,d.k.,1
5272,granger,1
5273,d.l,1
5274,28:1166-7,1
5275,carlini,1
5276,a.c.,1
5277,atmar,1
5278,r.l,1
5279,28:1182-3,1
5280,tanios,1
5281,kogelman,1
5282,mcgovern,1
5283,hassoun,1
5284,complicating,1
5285,29:665-7,1
5286,miller,1
5287,l.h.,1
5288,baruch,1
5289,d.i.,1
5290,doumbo,1
5291,o.k,1
5292,pathogenic,1
5293,415:673-9,1
5294,oh,1
5295,65:143-6,1
5296,beg,1
5297,khan,1
5298,baig,1
5299,s.m.,1
5300,67:230-2,1
5301,chotivanich,1
5302,udomsagpetch,1
5303,simpson,1
5304,j.a.,1
5305,multiplication,1
5306,181:1206-9,1
5307,chen,1
5308,q.,1
5309,schilichtherle,1
5310,wahlgren,1
5311,aspects,1
5312,13:439-50,1
5313,i.a.,1
5314,cowden,1
5315,w.b,1
5316,pathology,1
5317,worse,1
5318,parasitol,1
5319,today,1
5320,15:458-61,1
5321,n.m.,1
5322,jacups,1
5323,s.p.,1
5324,cain,1
5325,caught,1
5326,airways,1
5327,transfer,1
5328,185:1326-34,1
5329,moody,1
5330,15:66-78.,1
